club_name,end_of_spell,manager,Level,league,tier,sacked,probability_of_sacking_true,error
Pescara,1943-06-30,Giuseppe Moretti,Senior,Serie B,2,True,0.8,
Bari,1941-06-30,Giovanni Battista Fabbri,Senior,Serie A,1,True,0.8,
Ravenna,1960-06-30,Mario Sperone,Senior,Serie C,Third Tier,False,0.0,
Novara,1955-06-30,Giovanni Varglien,Senior,Serie B,2,True,0.8,
SPAL,1954-06-30,Giuseppe Kieffu,Senior,Serie B,2,False,0.0,
US Carrarese PB,1949-06-30,Giuseppe Galluzzi,Senior,Serie C,Third Tier,False,0.0,
Pro Vercelli,1948-06-30,Giuseppe Galluzzi,Senior,Italian Serie B,2,False,0.0,
AC Torino,1944-06-30,Pietro Piselli,Senior,Serie A,1,True,0.8,
Varese,1942-06-30,Giuseppe Viani,Senior,Serie B,2,True,0.8,
Varese,1939-06-30,Giuseppe Galluzzi,Senior,Serie C,3,True,0.8,
Reggiana,1947-12-22,Giuseppe Galluzzi,Senior,Serie B,2,True,0.8,
AC Torino,1940-06-30,Pietro Piselli,Senior,Serie A,1,True,0.8,
Novara,1939-06-30,Ferruccio Mazzola,Senior,Serie B,2,False,0.0,
Napoli,1938-01-03,Adolfo Baloncieri,Senior,Italian Football Championship,1,True,0.8,
Messina,1936-06-30,Giovanni Battista Reina,Senior,Serie B,2,True,0.8,
Atalanta,1935-06-30,Piero Steinbeck,Senior,Italian Football Championship,1,False,0.0,
Casale,1933-03-18,Ferruccio Novo,Senior,Italian Football Championship,1,True,0.8,
US Carrarese,1929-06-30,Giuseppe Moretti,Senior,Italian Football Championship,Seconda Divisione,False,0.0,
Casale,1928-06-30,Ferruccio Novo,Senior,Italian Football Championship,First Tier,True,0.8,
Casale,1926-06-30,Ferruccio Novo,Senior,Italian Football Championship,1,True,0.8,
Fenerbahce,1969-06-30,László Székely,Senior,Süper Lig,1,True,0.8,
Vefaspor,1966-02-06,Mehmet Ali Usta,Senior,Turkish Second Football League,2,False,0.0,
M. Tel Aviv,1962-06-30,Gottlieb Städt,Senior,Israeli Premier League,1,False,0.0,
H. Petah Tikva,1961-06-30,Shmuel Shapiro,Senior,Israeli Premier League,1,True,0.8,
Fenerbahce,1960-01-18,László Székely,Senior,Süper Lig,1,True,0.8,
Fenerbahce,1948-06-30,Žarko Mihajlović,Senior,Turkish Football Championship,1,False,0.0,
AC Torino,1939-06-30,Pietro Piselli,Senior,Serie A,1,True,0.8,
Xerxes,1938-12-31,Jimmy Hogan,Senior,English First Division,1,False,0.0,
Royal Antwerp,1936-06-30,Bastiaan Muller,Senior,Belgian First Division,1,False,0.0,
Quick DH,1933-12-31,Félix Paquay,Senior,Belgian First Division,1,False,0.0,
Xerxes,1933-06-30,William Elcoat,Senior,English Football League Third Division South,3,True,0.8,
Willem II,1932-06-30,J. van der Meer,Senior,Eerste Klasse,1,True,0.8,
Hungária FC,1940-06-30,Ferenc Puskás,Senior,Hungarian League,1,False,0.0,
AC Torino,1938-01-17,Pietro Piselli,Senior,Serie A,1,False,0.0,
Ambrosiana-Inter,1936-03-29,Armando Castellacci,Senior,Italian Football Championship,1,False,0.0,
Palermo,1934-06-30,Giovanni Battista Galluzzi,Senior,Serie B,2,True,0.8,
Fiorentina,1931-06-30,Gyula Kertész,Senior,Italian Football Championship,1,True,0.8,
Juventus Buk.,1930-06-30,William Frey,Senior,Italian Football Championship,1,True,0.8,
Hungária FC,1928-06-30,József Egressy,Senior,Hungarian League,First Tier,False,0.0,
Bremer SV,1926-06-30,Hans Scherpenberg,Senior,Oberliga Nord,2,False,0.0,
SC Union 03,1924-06-30,Friedrich Müller,Senior,German Oberliga,Tier 1,False,0.0,
Napoli,1939-01-29,Adolfo Baloncieri,Senior,Italian Football Championship,1,True,0.8,
Torino,1934-06-30,,,,,,,
Cremonese,1927-06-30,,,,,,,
Torino,1933-11-06,,,,,,,
Pro Patria,1930-12-22,,,,,,,
Alessandria,1926-06-30,,,,,,,
Livorno,1935-02-10,,,,,,,
Alessandria,1934-06-30,,,,,,,
Torino,1933-05-21,,,,,,,
Torino,1932-06-30,,,,,,,
Torino,1931-06-30,,,,,,,
Alessandria,1936-12-27,,,,,,,
Livorno,1935-06-30,,,,,,,
Lazio,1934-04-29,,,,,,,
Alessandria,1932-06-30,,,,,,,
Torino,1930-07-06,,,,,,,
Prato,1929-06-30,,,,,,,
Reggiana,1926-01-04,,,,,,,
Torino,1924-06-30,,,,,,,
Reggiana,1921-06-30,,,,,,,
Cagliari U19,2026-06-30,,,,,,,
Cagliari Calcio,2022-12-31,,,,,,,
Cagliari Calcio,2023-03-22,,,,,,,
Arezzo,2022-02-04,,,,,,,
Frascati,2022-06-29,,,,,,,
Empoli,2020-01-26,,,,,,,
Genoa,2019-10-22,,,,,,,
Empoli,2019-06-30,,,,,,,
AS Rom Youth,2015-06-30,,,,,,,
Roma U17,2014-06-30,,,,,,,
AS Roma,2013-06-30,,,,,,,
AS Rom Youth,2013-02-01,,,,,,,
Cagliari Calcio,2022-05-23,,,,,,,
Cagliari U19,2022-07-01,,,,,,,
Cagliari U19,2020-08-31,,,,,,,
Cagliari Youth,2017-10-19,,,,,,,
Spezia Calcio,2023-06-30,,,,,,,
Cagliari Calcio,2021-09-14,,,,,,,
SPAL,2020-02-10,,,,,,,
Fiorentina U19,2014-06-30,,,,,,,
AC Pisa,2011-02-21,,,,,,,
Arezzo,2010-05-25,,,,,,,
Arezzo,2009-11-17,,,,,,,
Figline,2009-06-30,,,,,,,
Sangimignano,2005-06-30,,,,,,,
Frosinone,2024-06-30,,,,,,,
Hellas Verona,2021-09-14,,,,,,,
Cagliari Calcio,2021-02-22,,,,,,,
Sampdoria,2019-10-07,,,,,,,
AS Roma,2019-03-07,,,,,,,
Sassuolo,2017-06-12,,,,,,,
Sassuolo,2014-01-28,,,,,,,
Lecce,2011-12-04,,,,,,,
Pescara,2011-06-22,,,,,,,
Pescara U19,2010-01-11,,,,,,,
Virtus Lanciano,2009-01-27,,,,,,,
Val di Sangro,2007-12-15,,,,,,,
AS Roma,2006-06-30,,,,,,,
Pisa,2022-09-19,,,,,,,
Genoa,2020-12-21,,,,,,,
Cagliari Calcio,2020-03-03,,,,,,,
Chievo Verona,2018-04-29,,,,,,,
Catania,2014-04-06,,,,,,,
Catania,2013-10-20,,,,,,,
Varese,2012-06-10,,,,,,,
Vicenza,2011-06-06,,,,,,,
Vicenza,2010-03-28,,,,,,,
Triestina,2009-06-15,,,,,,,
Bari,2007-02-25,,,,,,,
Brescia,2006-03-01,,,,,,,
Cittadella,2005-06-30,,,,,,,
Cittadella,2002-06-30,,,,,,,
Barcelona SC,2024-06-30,,,,,,,
Brescia,2020-12-07,,,,,,,
Brescia,2020-08-20,,,,,,,
Peñarol,2019-12-31,,,,,,,
US Palermo,2017-04-11,,,,,,,
Bologna,2015-05-04,,,,,,,
Cagliari Calcio,2014-04-07,,,,,,,
Cagliari Calcio,2013-06-30,,,,,,,
Cagliari U19,2012-10-03,,,,,,,
Avellino,2024-06-30,,,,,,,
Pordenone ,2021-10-16,,,,,,,
SPAL,2021-06-30,,,,,,,
Cremonese,2020-03-04,,,,,,,
Cremonese,2019-10-08,,,,,,,
Cagliari Calcio,2017-10-17,,,,,,,
AS Avellino,2015-06-12,,,,,,,
Portosummaga,2012-05-17,,,,,,,
Brindisi,2011-06-30,,,,,,,
Juve Stabia ,2010-05-29,,,,,,,
PAS Lamia,2022-11-14,,,,,,,
Apollon Smyrnis,2022-02-26,,,,,,,
Apollon Smyrnis,2022-01-06,,,,,,,
AE Larisa,2021-05-09,,,,,,,
AE Larisa,2019-06-30,,,,,,,
Como,2016-03-13,,,,,,,
Cagliari Calcio,2015-06-12,,,,,,,
Lumezzane,2013-03-19,,,,,,,
Cagliari U19,2012-06-14,,,,,,,
Cagliari Calcio,2010-06-30,,,,,,,
Pescara,2024-06-30,,,,,,,
Foggia,2022-05-26,,,,,,,
Pescara,2018-03-04,,,,,,,
FC Lugano,2016-06-30,,,,,,,
Cagliari Calcio,2015-04-21,,,,,,,
Cagliari Calcio,2014-12-23,,,,,,,
AS Roma,2013-02-02,,,,,,,
Pescara,2012-06-03,,,,,,,
Foggia,2011-06-10,,,,,,,
Red Star,2008-09-07,,,,,,,
Lecce,2007-01-04,,,,,,,
Brescia,2006-06-30,,,,,,,
Lecce,2005-06-30,,,,,,,
Avellino,2004-06-30,,,,,,,
Salernitana,2002-12-29,,,,,,,
Napoli,2000-11-15,,,,,,,
Fenerbahce,2000-01-12,,,,,,,
AS Roma,1999-06-06,,,,,,,
Lazio,1997-01-27,,,,,,,
Foggia,1994-06-30,,,,,,,
Messina,1989-06-01,,,,,,,
AC Parma,1987-10-26,,,,,,,
Foggia,1987-04-06,,,,,,,
Licata,1986-06-30,,,,,,,
US Palermo Yout,1983-06-30,,,,,,,
Brescia,2018-06-06,,,,,,,
Cagliari Calcio,2014-06-30,,,,,,,
Cagliari Calcio,2014-02-18,,,,,,,
Modena,2012-06-30,,,,,,,
Modena U19,2011-06-30,,,,,,,
Modena Youth,2005-06-30,,,,,,,
Cremonese,2025-06-30,,,,,,,
Genoa,2021-11-06,,,,,,,
Genoa,2018-10-09,,,,,,,
US Palermo,2016-09-05,,,,,,,
US Palermo,2016-01-11,,,,,,,
Bologna,2014-06-30,,,,,,,
Genoa,2013-06-30,,,,,,,
Cagliari Calcio,2012-03-11,,,,,,,
Genoa,2011-06-04,,,,,,,
Lazio,2010-02-09,,,,,,,
US Palermo,2009-06-30,,,,,,,
Cagliari Calcio,2008-05-27,,,,,,,
Pescara,2006-10-09,,,,,,,
Cagliari Calcio,2005-11-08,,,,,,,
Sambenedettese,2005-06-30,,,,,,,
Parma U19,2004-06-30,,,,,,,
Parma FC Youth,2003-06-30,,,,,,,
AC Milan Youth,2002-06-30,,,,,,,
Ravenna U19,1999-06-30,,,,,,,
AC Cesena Youth,1996-06-30,,,,,,,
SZ FC,2020-08-11,,,,,,,
Bologna,2018-06-30,,,,,,,
Parma,2015-06-22,,,,,,,
Cagliari Calcio,2011-08-12,,,,,,,
AS Livorno,2006-02-06,,,,,,,
Genoa,2003-09-21,,,,,,,
AS Livorno,2003-06-30,,,,,,,
Città di Lecco,2002-01-27,,,,,,,
Südtirol,2025-06-30,,,,,,,
Cosenza,2022-06-15,,,,,,,
Cremonese,2021-01-07,,,,,,,
Padova,2019-03-17,,,,,,,
Padova,2018-11-04,,,,,,,
Vicenza,2017-04-18,,,,,,,
Cesena,2014-12-08,,,,,,,
Bologna,2011-10-04,,,,,,,
Cagliari Calcio,2010-11-15,,,,,,,
Cesena,2010-06-22,,,,,,,
Foligno,2008-06-04,,,,,,,
Prato,2007-06-30,,,,,,,
Fiorentina,2005-06-30,,,,,,,
Cagliari Calcio,2010-06-23,,,,,,,
Cagliari U19,2010-04-12,,,,,,,
Triestina,2025-06-30,,,,,,,
Modena,2023-05-23,,,,,,,
Pordenone ,2021-04-03,,,,,,,
Cremonese,2018-04-23,,,,,,,
Avellino,2016-05-31,,,,,,,
Avellino,2016-03-22,,,,,,,
Ternana,2015-06-13,,,,,,,
Novara,2012-10-31,,,,,,,
Novara,2012-01-30,,,,,,,
Padova,2009-02-22,,,,,,,
Mantova,2008-02-24,,,,,,,
Ascoli,2006-11-05,,,,,,,
Cagliari Calcio,2005-08-29,,,,,,,
Triestina,2005-06-30,,,,,,,
Südtirol,2003-06-30,,,,,,,
Venezia FC U19,2001-06-30,,,,,,,
Udinese U19,1996-06-30,,,,,,,
Sevegliano,1994-06-30,,,,,,,
Inter,2016-08-10,,,,,,,
Fiorentina,2013-07-20,,,,,,,
Lazio,2004-06-30,,,,,,,
Cagliari Calcio,2001-12-17,,,,,,,
Ternana,2001-06-30,,,,,,,
Mantova,2013-11-10,,,,,,,
Mantova,2013-09-08,,,,,,,
Renate,2013-05-13,,,,,,,
Pro Sesto,2009-04-27,,,,,,,
Ternana,2005-09-26,,,,,,,
Monza ,2005-06-30,,,,,,,
Reggiana,2004-02-23,,,,,,,
Cosenza,2003-06-30,,,,,,,
Cosenza,2002-11-24,,,,,,,
Cagliari Calcio,2001-10-15,,,,,,,
AC Siena,2001-06-30,,,,,,,
Castel di Sangro,1999-06-30,,,,,,,
Voghera,1998-06-30,,,,,,,
Caratese,1995-06-30,,,,,,,
Bastia,1993-06-30,,,,,,,
Saronno,1991-06-30,,,,,,,
Casertana,2017-05-03,,,,,,,
Robur Siena,2016-06-30,,,,,,,
Foggia,2014-06-30,,,,,,,
Olbia 1905,2013-06-30,,,,,,,
Treviso,2012-06-30,,,,,,,
Arezzo,2012-03-13,,,,,,,
FC Brasov,2010-07-01,,,,,,,
Olymp. Volou,2009-03-05,,,,,,,
Bari,2007-12-28,,,,,,,
TJ Teda,2003-06-30,,,,,,,
FC Crotone,2002-04-18,,,,,,,
Cagliari Calcio,2001-06-30,,,,,,,
AC Venezia 1907,1999-11-29,,,,,,,
Sporting CP,1999-09-25,,,,,,,
Piacenza,1999-06-30,,,,,,,
Brescia,1997-11-30,,,,,,,
Padova,1997-03-10,,,,,,,
Bari,1995-12-04,,,,,,,
Casertana,1992-06-30,,,,,,,
Messina,1991-03-13,,,,,,,
Lazio,1990-06-30,,,,,,,
AC Pisa,1988-06-30,,,,,,,
Benevento,1985-06-30,,,,,,,
Rimini,1984-06-30,,,,,,,
Rimini,1984-01-09,,,,,,,
Bari U19,1983-06-30,,,,,,,
Cerretese,1981-06-30,,,,,,,
Ragusa,2013-09-30,,,,,,,
Novara,2008-05-21,,,,,,,
Salernitana,2007-05-17,,,,,,,
Vicenza,2005-04-21,,,,,,,
Modena,2004-05-25,,,,,,,
AC Venezia 1907,2003-06-30,,,,,,,
Sampdoria,2002-06-30,,,,,,,
Cagliari Calcio,2001-03-01,,,,,,,
Treviso,2000-06-30,,,,,,,
AC Venezia 1907,1997-06-30,,,,,,,
AC Venezia 1907,1996-09-16,,,,,,,
Andria,1995-06-30,,,,,,,
Mantova,1993-11-01,,,,,,,
Pistoiese,1993-06-30,,,,,,,
Giorgione,1992-06-30,,,,,,,
AC Pisa,1989-06-30,,,,,,,
AS Livorno,2006-06-30,,,,,,,
Bologna,2005-06-30,,,,,,,
Brescia,2003-06-30,,,,,,,
Napoli,1997-11-24,,,,,,,
Cagliari Calcio,1997-06-30,,,,,,,
AS Roma,1996-06-30,,,,,,,
Cagliari Calcio,1993-06-30,,,,,,,
Pescara,1990-12-02,,,,,,,
Lecce,1990-06-30,,,,,,,
Bologna,1986-06-30,,,,,,,
Ascoli,1984-11-26,,,,,,,
Catanzaro,1980-03-30,,,,,,,
Fiorentina,1977-12-19,,,,,,,
Ascoli,1975-06-30,,,,,,,
Ascoli,1969-06-30,,,,,,,
Ascoli,1968-12-01,,,,,,,
Ancona,1999-06-30,,,,,,,
AC Pisa,1998-06-30,,,,,,,
Cagliari Calcio,1996-10-23,,,,,,,
Pistoiese,1996-02-26,,,,,,,
Ternana,1993-06-30,,,,,,,
Ternana,1992-10-26,,,,,,,
Barletta CS,1991-06-30,,,,,,,
Taranto,1990-06-30,,,,,,,
Salernitana,1988-06-30,,,,,,,
Sambenedettese,1987-06-30,,,,,,,
Como,1985-11-11,,,,,,,
AS Roma,1985-06-30,,,,,,,
Sambenedettese,1984-06-30,,,,,,,
Lazio,1983-05-09,,,,,,,
Lazio Youth,1982-01-24,,,,,,,
Urbetevere,1969-06-30,,,,,,,
Universitario,2022-01-21,,,,,,,
Defensor,2021-03-13,,,,,,,
Universitario,2020-06-12,,,,,,,
Indep. Santa Fe,2018-04-30,,,,,,,
Deportes Tolima,2017-02-09,,,,,,,
Rubio Ñú,2016-12-31,,,,,,,
Olimpia,2012-09-24,,,,,,,
Peñarol,2012-02-27,,,,,,,
Libertad,2011-06-30,,,,,,,
Olimpia,2009-07-16,,,,,,,
Peñarol,2007-06-30,,,,,,,
Argentinos Jrs.,2006-03-26,,,,,,,
Olimpo,2005-07-04,,,,,,,
Danubio FC,2003-12-31,,,,,,,
Gimnasia,2000-06-30,,,,,,,
Peñarol,1998-12-31,,,,,,,
Indep'te II,1996-06-30,,,,,,,
Peñarol,1995-12-31,,,,,,,
Gimnasia,1992-12-31,,,,,,,
Wanderers,1987-12-31,,,,,,,
Central,1987-01-01,,,,,,,
Rampla Jrs,1985-12-31,,,,,,,
Nacional,1985-06-30,,,,,,,
Club Atlético Defensores de Villa Cassin,1984-12-31,,,,,,,
Basáñez,1982-12-31,,,,,,,
Progreso,1981-12-31,,,,,,,
Cagliari Calcio,1996-06-30,,,,,,,
Cagliari Calcio,1994-06-30,,,,,,,
Genoa,1992-11-09,,,,,,,
Atalanta,1992-06-30,,,,,,,
Fiorentina,1990-04-25,,,,,,,
Cosenza,1989-06-30,,,,,,,
Brescia,1988-06-30,,,,,,,
Vicenza,1986-06-30,,,,,,,
Padova,1983-06-30,,,,,,,
Modena,1982-06-30,,,,,,,
Campobasso,1981-06-30,,,,,,,
ASG Nocerina,1979-02-05,,,,,,,
Empoli,1977-06-30,,,,,,,
Reggiana,1976-06-30,,,,,,,
Reggiana,1975-06-30,,,,,,,
Lecce,1998-02-16,,,,,,,
Atalanta BC,1996-06-30,,,,,,,
Como,1989-06-30,,,,,,,
Novara,1988-06-30,,,,,,,
Mantova,1982-06-30,,,,,,,
Teramo,1980-06-30,,,,,,,
Giulianova,1979-06-30,,,,,,,
La Palma,1990-06-30,,,,,,,
Cagliari Calcio,1988-06-30,,,,,,,
Cagliari Calcio,1984-06-30,,,,,,,
Torres,1983-06-30,,,,,,,
Pescara,1982-01-11,,,,,,,
Cagliari Calcio,1981-06-30,,,,,,,
Cagliari Calcio,1978-06-30,,,,,,,
Cagliari Calcio,1976-06-30,,,,,,,
Cagliari Calcio,1974-06-30,,,,,,,
RM Firenze,1990-06-30,,,,,,,
Frosinone,1989-06-30,,,,,,,
Cagliari Calcio,1987-11-16,,,,,,,
RM Firenze,1985-06-30,,,,,,,
Fano,1983-06-30,,,,,,,
Spezia,1982-03-17,,,,,,,
Montecatini,1979-06-30,,,,,,,
Grosseto,1976-06-30,,,,,,,
AC Pisa,1975-06-30,,,,,,,
Prato,1973-06-30,,,,,,,
Montevarchi,1971-06-30,,,,,,,
Messina,1992-06-30,,,,,,,
Triestina,1991-06-30,,,,,,,
Taranto,1989-02-11,,,,,,,
Taranto,1987-06-30,,,,,,,
Palermo,1986-09-08,,,,,,,
Cagliari Calcio,1984-10-15,,,,,,,
Avellino,1983-11-21,,,,,,,
Foggia,1982-04-26,,,,,,,
Palermo,1981-03-22,,,,,,,
Hellas Verona,1980-06-30,,,,,,,
Palermo,1979-06-30,,,,,,,
Marsala 1912,1976-06-30,,,,,,,
Campobasso,1975-06-30,,,,,,,
Matera,1974-06-30,,,,,,,
Calcio Monza,1986-06-30,,,,,,,
Lazio,1984-09-24,,,,,,,
Bologna,1983-03-05,,,,,,,
Cagliari Calcio,1982-06-30,,,,,,,
Fiorentina,1981-01-26,,,,,,,
Avellino,1978-06-30,,,,,,,
Cynthia,1989-06-30,,,,,,,
RM Firenze,1988-06-30,,,,,,,
Taranto,1986-03-30,,,,,,,
Reggiana,1984-06-30,,,,,,,
Taranto,1983-06-30,,,,,,,
Pistoiese,1982-06-30,,,,,,,
AC Pisa,1981-06-30,,,,,,,
Sampdoria,1980-06-30,,,,,,,
Sambenedettese,1979-06-30,,,,,,,
Cagliari Calcio,1978-01-08,,,,,,,
Arezzo,1976-06-30,,,,,,,
Foggia,1975-01-19,,,,,,,
Foggia,1973-06-30,,,,,,,
Bari,1972-06-30,,,,,,,
AC Pisa,1970-04-26,,,,,,,
Bari,1969-06-30,,,,,,,
Arezzo,1985-05-05,,,,,,,
Pescara,1982-06-30,,,,,,,
AC Pisa,1980-06-30,,,,,,,
Hellas Verona,1979-06-30,,,,,,,
Fiorentina,1978-06-30,,,,,,,
Inter,1977-06-30,,,,,,,
Cagliari Calcio,1974-12-09,,,,,,,
Napoli,1973-06-30,,,,,,,
Napoli,1969-02-03,,,,,,,
Fiorentina,1967-12-10,,,,,,,
Fiorentina,1961-06-30,,,,,,,
Vicenza,1976-02-16,,,,,,,
AS Roma,1973-11-26,,,,,,,
US Cagliari,1972-06-30,,,,,,,
US Cagliari,1967-06-30,,,,,,,
Bologna,1965-10-04,,,,,,,
Vicenza,1965-06-30,,,,,,,
Virtus Ortona,1959-06-30,,,,,,,
Rieti,1958-06-30,,,,,,,
Todi Calcio,1957-06-30,,,,,,,
Rieti,1955-06-30,,,,,,,
FC Chiasso,1965-06-30,,,,,,,
US Cagliari,1961-06-30,,,,,,,
Palermo,1958-06-30,,,,,,,
US Cagliari,1957-01-06,,,,,,,
Palermo,1956-06-30,,,,,,,
Marzotto,1954-02-21,,,,,,,
Messina,1952-06-30,,,,,,,
AC Vicenza,1949-03-14,,,,,,,
Novara,1948-06-30,,,,,,,
Novara,1941-06-30,,,,,,,
US Cagliari,1960-04-03,,,,,,,
Lecce,1964-06-30,,,,,,,
AC Pisa,1962-06-30,,,,,,,
Taranto,1960-02-01,,,,,,,
US Cagliari,1958-06-30,,,,,,,
Vicenza,1957-03-18,,,,,,,
Catania,1956-04-16,,,,,,,
Lucchese,1951-11-19,,,,,,,
Empoli,1953-06-30,,,,,,,
Arezzo,1951-06-30,,,,,,,
Arezzo,1949-06-30,,,,,,,
Pavia,1943-06-30,,,,,,,
US Cagliari,1957-11-11,,,,,,,
US Cagliari,1957-11-04,,,,,,,
US Cagliari,1956-06-30,,,,,,,
US Cagliari,1957-01-14,,,,,,,
Pavia,1973-06-30,,,,,,,
Atalanta,1964-02-03,,,,,,,
AC Venezia,1963-06-30,,,,,,,
Brescia,1960-06-30,,,,,,,
AC Venezia,1959-06-30,,,,,,,
Monza FBC,1955-06-30,,,,,,,
US Cagliari,1954-11-22,,,,,,,
Parma,1954-06-30,,,,,,,
Toma Maglie,1953-06-30,,,,,,,
FC Bolzano 1996,1951-06-30,,,,,,,
Pavia,1950-06-30,,,,,,,
US Cagliari,1954-06-30,,,,,,,
US Cagliari,1954-03-28,,,,,,,
US Cagliari,1948-06-30,,,,,,,
Siracusa,1943-06-30,,,,,,,
Grosseto,1940-06-30,,,,,,,
Ternana,2023-07-11,,,,,,,
Ternana,2023-02-25,,,,,,,
FC Empoli,2022-06-01,,,,,,,
Empoli,2018-11-05,,,,,,,
AS Roma,2017-06-30,,,,,,,
Udinese,2005-06-30,,,,,,,
Alessandria,2004-01-01,,,,,,,
Alessandria,2003-02-24,,,,,,,
Grosseto,2002-01-07,,,,,,,
Aglianese,2001-06-30,,,,,,,
Tempio,1999-06-30,,,,,,,
Fiorentina U17,1998-06-30,,,,,,,
Massese,1996-06-30,,,,,,,
Lucchese U19,1994-06-30,,,,,,,
Castelnuovo,1992-06-30,,,,,,,
Pietrasanta,1990-06-30,,,,,,,
AS Roma,2005-06-17,,,,,,,
AS Roma,2004-09-29,,,,,,,
AS Roma,2004-08-29,,,,,,,
US Palermo,2001-06-28,,,,,,,
AS Roma,2001-04-29,,,,,,,
Roma U19,1997-04-07,,,,,,,
AS Rom Youth,2001-04-29,,,,,,,
AS Lodigiani,1992-06-30,,,,,,,
AS Lodigiani,1991-06-30,,,,,,,
AS Lodigiani,1990-06-30,,,,,,,
Fiorentina,2002-03-31,,,,,,,
Fiorentina,2002-01-13,,,,,,,
Inter,1995-09-25,,,,,,,
Napoli,1993-06-30,,,,,,,
AS Roma,1992-06-30,,,,,,,
Napoli,1989-06-30,,,,,,,
Como,1985-06-30,,,,,,,
Avellino,1984-06-30,,,,,,,
Atalanta,1983-06-30,,,,,,,
Triestina,1981-06-30,,,,,,,
Mantova,1980-06-30,,,,,,,
AC Siena,1979-06-30,,,,,,,
Napoli U19,1994-06-30,,,,,,,
Catania,1991-06-30,,,,,,,
Napoli U19,1985-06-30,,,,,,,
Napoli,1980-06-30,,,,,,,
Napoli,1979-06-30,,,,,,,
AS Livorno,2007-10-10,,,,,,,
Ternana,1996-03-11,,,,,,,
Lecce,1994-11-15,,,,,,,
Roma U19,1994-06-30,,,,,,,
AS Roma,1989-03-20,,,,,,,
AS Rom Youth,1989-02-18,,,,,,,
Fiorentina,1985-06-30,,,,,,,
AS Roma,1979-06-30,,,,,,,
Hellas Verona,1978-06-30,,,,,,,
Atalanta,1965-06-30,,,,,,,
Fiorentina,1963-10-24,,,,,,,
Atalanta,1962-06-30,,,,,,,
Prato,1959-06-30,,,,,,,
Piombino,1955-06-30,,,,,,,
Avellino,1975-05-25,,,,,,,
AS Roma,1968-06-30,,,,,,,
Foggia  Incedit,1964-06-30,,,,,,,
Messina,1950-10-22,,,,,,,
Norrköping,1980-12-31,,,,,,,
AIK,1978-06-30,,,,,,,
Östers IF,1976-12-31,,,,,,,
IK Sleipner,1974-12-31,,,,,,,
Norrköping,1970-12-31,,,,,,,
Degerfors,1964-12-31,,,,,,,
Karlstad BK,1960-12-31,,,,,,,
AS Roma,1959-06-30,,,,,,,
AS Roma,1958-11-03,,,,,,,
FC Lugano,1963-06-30,,,,,,,
Brescia,1960-11-21,,,,,,,
AS Roma,1959-03-23,,,,,,,
Bologna,1958-06-30,,,,,,,
AS Roma,1957-05-06,,,,,,,
Genoa,1955-05-25,,,,,,,
Juventus,1953-06-30,,,,,,,
Lucchese,1951-06-30,,,,,,,
Lucchese,1950-11-20,,,,,,,
Bari,1950-06-30,,,,,,,
AS Roma,1953-11-02,,,,,,,
Pro Patria,1952-06-30,,,,,,,
Como,1951-06-30,,,,,,,
Triestina,1947-06-30,,,,,,,
Padova,1946-06-30,,,,,,,
Sanremo,1943-06-30,,,,,,,
Lucchese,1953-06-30,,,,,,,
AS Roma,1951-06-30,,,,,,,
AS Roma,1951-04-29,,,,,,,
Padova,1950-12-17,,,,,,,
Padova,1949-06-30,,,,,,,
AS Roma,1950-06-30,,,,,,,
AS Roma,1949-06-30,,,,,,,
Anconitana,1950-10-15,,,,,,,
AS Roma,1947-06-30,,,,,,,
AS Roma,1943-06-30,,,,,,,
Lazio,1940-11-10,,,,,,,
AS Roma,1937-06-30,,,,,,,
Legnano,1931-06-30,,,,,,,
Casale,1928-12-23,,,,,,,
Alessandria,1948-06-30,,,,,,,
Bologna,1935-01-27,,,,,,,
AS Roma,1933-06-25,,,,,,,
Bari,1933-06-30,,,,,,,
AS Roma,1932-10-23,,,,,,,
AS Roma,1929-11-17,,,,,,,
Lazio,1924-06-30,,,,,,,
Fiorentina,2024-06-30,,,,,,,
Spezia Calcio,2021-06-30,,,,,,,
Trapani,2019-06-30,,,,,,,
Arzignano,2018-06-30,,,,,,,
Vigontina,2017-06-30,,,,,,,
Vigontina,2017-01-03,,,,,,,
Vigontina,2016-06-30,,,,,,,
Unione Venezia,2014-10-19,,,,,,,
Foggia,2023-06-20,,,,,,,
Ascoli,2020-12-22,,,,,,,
US Palermo,2019-06-30,,,,,,,
Levski Sofia,2018-07-18,,,,,,,
Bologna,2015-10-28,,,,,,,
Sampdoria,2013-11-11,,,,,,,
Fiorentina,2012-05-02,,,,,,,
US Palermo,2011-06-01,,,,,,,
US Palermo,2011-02-28,,,,,,,
Lazio,2009-06-30,,,,,,,
Atalanta BC,2005-06-30,,,,,,,
Lecce,2004-06-30,,,,,,,
Pescara,2000-11-03,,,,,,,
Genoa,2000-02-14,,,,,,,
Salernitana,1999-03-25,,,,,,,
Pescara,1997-06-30,,,,,,,
Foggia,1996-03-05,,,,,,,
Salernitana,1995-06-30,,,,,,,
Foggia U19,1993-06-30,,,,,,,
Torremaggiore ,1991-06-30,,,,,,,
Lazio,2001-09-30,,,,,,,
Lazio,1997-06-30,,,,,,,
Lazio,1994-06-30,,,,,,,
Juventus,1986-06-30,,,,,,,
FC Kamza,2018-06-01,,,,,,,
Honvéd,2014-10-06,,,,,,,
Triestina,2005-11-21,,,,,,,
Florentia,2002-10-29,,,,,,,
Catania,2002-04-22,,,,,,,
Poggibonsi,2008-09-29,,,,,,,
Fiorentina,2002-06-30,,,,,,,
Fiorentina,2001-03-06,,,,,,,
Fiorentina U19,2001-02-24,,,,,,,
Fiorentina U19,1997-06-30,,,,,,,
Fiorentina,1993-04-30,,,,,,,
Ascoli,1990-06-30,,,,,,,
Como,1988-01-04,,,,,,,
Fiorentina,1986-06-30,,,,,,,
Padova,1984-02-26,,,,,,,
AC Pisa,1982-06-30,,,,,,,
Pescara,1981-06-30,,,,,,,
Marítimo,2008-05-17,,,,,,,
Trabzonspor,2006-09-07,,,,,,,
Juventude,2005-10-18,,,,,,,
Al-Arabi SC,2004-06-30,,,,,,,
Yokohama F. M.,2002-10-14,,,,,,,
Botafogo,2001-04-11,,,,,,,
SH Shenhua,1999-11-29,,,,,,,
Fenerbahce,1997-02-06,,,,,,,
Paraná,1996-06-30,,,,,,,
Vasco da Gama,1994-12-31,,,,,,,
León,1994-01-31,,,,,,,
Bari,1993-01-11,,,,,,,
Al-Hilal,1992-06-30,,,,,,,
Fiorentina,1991-10-06,,,,,,,
Paraná,1989-12-31,,,,,,,
Grêmio,1988-12-31,,,,,,,
Al-Ahli SC,1988-06-30,,,,,,,
Vasco da Gama,1987-12-31,,,,,,,
Flamengo,1986-12-31,,,,,,,
Rimini,2018-06-30,,,,,,,
Ravenna,2000-11-06,,,,,,,
Modena,1999-11-01,,,,,,,
Ravenna,1999-06-30,,,,,,,
Sampdoria,1996-06-30,,,,,,,
Vigor Lamezia,1990-12-10,,,,,,,
Almas Roma,1987-06-30,,,,,,,
Rimini,1985-12-16,,,,,,,
Roma U19,1985-06-30,,,,,,,
Almas Roma,1984-06-30,,,,,,,
Fiorentina,1978-01-30,,,,,,,
Fiorentina,1977-06-30,,,,,,,
Fiorentina,1976-06-30,,,,,,,
Fiorentina,1975-06-30,,,,,,,
Siracusa,1981-03-04,,,,,,,
Panathinaikos,1980-05-23,,,,,,,
Bologna,1979-01-09,,,,,,,
Napoli,1977-06-30,,,,,,,
Bologna,1976-06-30,,,,,,,
Fiorentina,1971-01-25,,,,,,,
Napoli,1968-06-30,,,,,,,
Savoia,1964-06-30,,,,,,,
Napoli,1963-06-30,,,,,,,
Shabab Al-Ahli,1985-06-30,,,,,,,
El Ahly,1980-04-30,,,,,,,
Eger SE,1973-06-30,,,,,,,
Stal Rzeszow,1972-12-31,,,,,,,
BSSC,1971-12-31,,,,,,,
MTK Budapest,1968-09-04,,,,,,,
Tatabánya,1966-12-31,,,,,,,
ETO FC Győr ,1965-12-31,,,,,,,
Mantova,1963-06-30,,,,,,,
Fiorentina,1962-06-30,,,,,,,
MTK Budapest,1960-10-20,,,,,,,
MTK Budapest,1959-06-30,,,,,,,
Székesfehérvár,1958-12-31,,,,,,,
Modena,1960-06-30,,,,,,,
Taranto,1959-06-30,,,,,,,
Genoa,1956-06-30,,,,,,,
Modena,1955-06-30,,,,,,,
Empoli,1950-06-30,,,,,,,
Fiorentina,1947-01-26,,,,,,,
Legnano,1954-06-30,,,,,,,
Brescia,1953-06-30,,,,,,,
Bologna,1952-05-19,,,,,,,
Sampdoria,1951-04-01,,,,,,,
Livorno,1950-06-30,,,,,,,
Legnano,1949-06-30,,,,,,,
Sampdoria,1947-04-23,,,,,,,
Fiorentina,1945-06-30,,,,,,,
AC Bellinzona,1957-06-30,,,,,,,
Cossato,1956-06-30,,,,,,,
Casale,1955-06-30,,,,,,,
Cossato,1953-06-30,,,,,,,
Pro Vercelli,1951-06-30,,,,,,,
Ivrea,1950-06-30,,,,,,,
Gallarate,1945-06-30,,,,,,,
Pro Vercelli,1942-06-30,,,,,,,
Triestina,1941-06-30,,,,,,,
Fiorentina,1940-01-22,,,,,,,
Alessandria,1938-06-30,,,,,,,
Novara,1936-12-04,,,,,,,
Alessandria,1936-04-06,,,,,,,
Alessandria,1935-06-30,,,,,,,
Vigevano,1934-06-30,,,,,,,
Monfalcone,1932-06-30,,,,,,,
Triestina,1930-06-30,,,,,,,
Pro Vercelli,1928-06-30,,,,,,,
Fiorentina,1938-02-06,,,,,,,
Fiorentina,1933-11-12,,,,,,,
Livorno,1929-06-30,,,,,,,
Oroszlány,1958-06-30,,,,,,,
Jászberény,1955-12-31,,,,,,,
Egerszegi VM,1953-10-15,,,,,,,
PVSK,1952-12-31,,,,,,,
FC Nagykanizsa,1950-06-30,,,,,,,
Újpesti MTE,1947-06-30,,,,,,,
Kőbányai Bar.,1946-07-31,,,,,,,
 Textiles SE,1946-04-05,,,,,,,
Bp. MÁVAG,1944-12-31,,,,,,,
Diósgyőr,1942-11-02,,,,,,,
AC Pisa,1938-12-31,,,,,,,
Napoli,1936-06-30,,,,,,,
Palermo,1935-06-30,,,,,,,
Triestina,1934-06-30,,,,,,,
Montevarchi,1931-06-30,,,,,,,
Fiorentina,1930-06-30,,,,,,,
Miskolci MKASE,1925-06-30,,,,,,,
Diósgyőri AC,1925-06-30,,,,,,,
Piacenza,2024-06-30,,,,,,,
Ghiviborgo,2023-06-27,,,,,,,
Carrarese,2021-04-11,,,,,,,
Pergolettese,2024-06-30,,,,,,,
Piacenza,2023-06-30,,,,,,,
Piacenza U19,2023-02-18,,,,,,,
Alessandria U19,2022-06-12,,,,,,,
Monza Giovanili,2021-06-30,,,,,,,
Vigor Carpaneto,2019-06-30,,,,,,,
Piacenza,2023-02-18,,,,,,,
Piacenza,2022-05-20,,,,,,,
Alessandria,2020-01-19,,,,,,,
Cuneo,2019-06-10,,,,,,,
Casertana,2017-10-01,,,,,,,
Robur Siena,2017-06-30,,,,,,,
Pro Vercelli,2015-10-11,,,,,,,
ProVercelli U19,2013-06-12,,,,,,,
Pro Vercelli,2011-06-30,,,,,,,
Pro Belvedere,2010-06-30,,,,,,,
Castellanzese,2024-06-30,,,,,,,
Piacenza,2022-10-03,,,,,,,
Caronnese,2022-05-31,,,,,,,
Club Milano,2021-06-30,,,,,,,
Borgo S.Donnino,2020-06-30,,,,,,,
Cosenza U17,2019-06-30,,,,,,,
Cosenza Yth.,2018-06-30,,,,,,,
Chieri,2022-04-27,,,,,,,
Piacenza,2021-01-25,,,,,,,
Legnano,2020-01-05,,,,,,,
Chieri,2019-06-22,,,,,,,
Borgosesia,2015-05-21,,,,,,,
Como U19,2012-06-30,,,,,,,
Novara Youth,2011-06-30,,,,,,,
Pro Collegno,2008-06-30,,,,,,,
Bacigalupo,2005-06-30,,,,,,,
Lumezzane,2024-06-30,,,,,,,
Seregno,2021-02-26,,,,,,,
Piacenza,2020-06-21,,,,,,,
Pro Piacenza,2015-06-14,,,,,,,
BettolaPonte,2013-06-30,,,,,,,
Fidenza,2009-01-09,,,,,,,
Città Varese,2023-02-21,,,,,,,
Lecco,2022-05-11,,,,,,,
Pergolettese,2021-04-13,,,,,,,
Savona,2020-06-30,,,,,,,
Trento,2019-01-14,,,,,,,
Pergolettese,2018-06-30,,,,,,,
Lumezzane,2017-02-09,,,,,,,
Lecco,2016-06-30,,,,,,,
Virtus Bergamo,2015-10-05,,,,,,,
Piacenza,2015-06-15,,,,,,,
Alzano Cene,2015-01-05,,,,,,,
Trento,2013-06-30,,,,,,,
Seregno,2012-06-30,,,,,,,
Darfo Boario,2011-04-18,,,,,,,
Arezzo,2007-10-30,,,,,,,
Brescia U19,2007-06-30,,,,,,,
Cremapergo,1999-06-30,,,,,,,
Foligno Calcio,2022-04-05,,,,,,,
Foligno Calcio,2021-11-08,,,,,,,
Lucchese,2020-10-23,,,,,,,
Fabriano,2018-06-12,,,,,,,
Prato,2017-06-30,,,,,,,
Pro Sesto,2016-06-30,,,,,,,
Piacenza,2015-01-04,,,,,,,
Foligno,2013-02-25,,,,,,,
Piacenza,2012-06-15,,,,,,,
Carrarese,2011-06-30,,,,,,,
Potenza SC,2009-10-22,,,,,,,
Ancona,2009-05-03,,,,,,,
Ancona,2006-12-20,,,,,,,
Lanciano,2006-06-06,,,,,,,
Ascoli U19,2005-06-08,,,,,,,
Lucchese,2001-06-30,,,,,,,
Ascoli,2025-06-30,,,,,,,
Cosenza,2023-06-30,,,,,,,
Cesena,2022-06-18,,,,,,,
Novara,2019-06-30,,,,,,,
Novara,2019-02-19,,,,,,,
Cuneo,2018-06-30,,,,,,,
Südtirol,2017-03-13,,,,,,,
Pro Piacenza,2016-06-30,,,,,,,
Piacenza,2014-06-30,,,,,,,
Lupa Piacenza,2013-10-29,,,,,,,
Parma FC Youth,2012-06-30,,,,,,,
Fiorenzuola,2011-06-30,,,,,,,
SPAL,2022-10-09,,,,,,,
Cittadella,2021-06-29,,,,,,,
Pergolettese,2015-06-30,,,,,,,
Piacenza,2014-01-08,,,,,,,
Castellana,2013-05-27,,,,,,,
Cremonese,2010-06-21,,,,,,,
Cremonese,2009-03-25,,,,,,,
AS Pizzighettone,2006-09-19,,,,,,,
Alessandria,2023-06-30,,,,,,,
Alessandria,2022-06-30,,,,,,,
Catanzaro,2021-06-18,,,,,,,
Monopoli ,2020-07-14,,,,,,,
Alessandria,2019-03-01,,,,,,,
Cosenza,2016-12-31,,,,,,,
Piacenza,2016-06-13,,,,,,,
Piacenza,2015-05-25,,,,,,,
Pavia,2013-06-30,,,,,,,
Piacenza,2011-08-22,,,,,,,
Piacenza U19,2011-08-04,,,,,,,
Fanfulla,2010-06-30,,,,,,,
Inter U19,2021-06-30,,,,,,,
Virtus Bergamo,2018-06-30,,,,,,,
UC AlbinoLeffe,2013-12-27,,,,,,,
Portosummaga,2013-06-30,,,,,,,
AS Livorno,2012-05-06,,,,,,,
Piacenza,2011-06-30,,,,,,,
UC AlbinoLeffe,2009-09-28,,,,,,,
AlbinoLeffe U19,2008-05-25,,,,,,,
AlbinoLeffe Y.,2006-06-30,,,,,,,
Alzano Virescit,2003-06-30,,,,,,,
Foggia,2023-03-25,,,,,,,
Potenza,2020-11-02,,,,,,,
Catanzaro,2016-10-20,,,,,,,
Latina Calcio,2016-02-28,,,,,,,
Salernitana,2014-08-18,,,,,,,
Grosseto,2012-11-19,,,,,,,
Cosenza,2011-01-16,,,,,,,
Triestina,2010-02-09,,,,,,,
Mantova,2009-06-30,,,,,,,
Piacenza,2008-06-02,,,,,,,
Brescia,2007-02-01,,,,,,,
Empoli,2006-01-19,,,,,,,
Arezzo,2004-06-30,,,,,,,
Cavese,2003-06-30,,,,,,,
Albalonga,2002-06-30,,,,,,,
Baracca Lugo,2000-06-30,,,,,,,
Terracina,1999-06-30,,,,,,,
Pro Cisterna,1998-06-30,,,,,,,
Pistoiese,2017-03-01,,,,,,,
Carrarese,2016-06-30,,,,,,,
Feralpisalò,2013-05-23,,,,,,,
SPAL,2011-06-17,,,,,,,
Hellas Verona,2010-05-10,,,,,,,
Piacenza,2007-10-23,,,,,,,
Sassuolo,2007-06-30,,,,,,,
US Canzese,2005-06-30,,,,,,,
Brescia Youth,2003-06-30,,,,,,,
Cremapergo,2000-06-30,,,,,,,
Legnano,1999-06-30,,,,,,,
Legnano Youth,1998-06-30,,,,,,,
Brescia,2017-06-30,,,,,,,
Sampdoria,2015-09-02,,,,,,,
Spezia Calcio,2013-06-30,,,,,,,
Vicenza,2012-06-30,,,,,,,
Vicenza,2012-03-04,,,,,,,
Parma,2008-09-30,,,,,,,
Empoli,2008-06-30,,,,,,,
Empoli,2007-11-26,,,,,,,
Catanzaro,2005-02-08,,,,,,,
Piacenza,2004-06-30,,,,,,,
Sampdoria,2001-09-19,,,,,,,
Salernitana,2000-06-30,,,,,,,
Salernitana,2000-03-25,,,,,,,
Genoa,1999-06-30,,,,,,,
Hellas Verona,1998-04-04,,,,,,,
Piacenza,1996-06-30,,,,,,,
Centese ,1990-06-30,,,,,,,
Brescia U19,1989-06-30,,,,,,,
Benevento,2023-06-30,,,,,,,
Gudja United FC,2023-04-10,,,,,,,
AS Livorno,2021-02-14,,,,,,,
DC Motema Pembe,2019-01-01,,,,,,,
KF Skënderbeu,2017-01-03,,,,,,,
FK Partizani,2016-05-31,,,,,,,
Varese,2013-06-30,,,,,,,
Portosummaga,2011-06-30,,,,,,,
Salernitana,2008-02-03,,,,,,,
Triestina,2007-02-25,,,,,,,
FC Crotone,2005-04-19,,,,,,,
Napoli,2003-11-09,,,,,,,
Piacenza,2003-02-03,,,,,,,
Ternana,2001-11-05,,,,,,,
Pistoiese,2000-06-30,,,,,,,
Mantova,1998-06-30,,,,,,,
Astrea,1997-06-30,,,,,,,
Latina,1995-06-30,,,,,,,
Cisco Lodigiani,1993-06-30,,,,,,,
Cossato,2024-06-30,,,,,,,
Biellese,2018-10-08,,,,,,,
Savona,2016-09-30,,,,,,,
Lumezzane,2015-03-12,,,,,,,
Carrarese,2013-11-05,,,,,,,
Pro Vercelli,2013-06-04,,,,,,,
Pro Vercelli,2012-10-15,,,,,,,
Rodengo Saiano,2010-02-03,,,,,,,
Ivrea,2007-11-28,,,,,,,
Pergocrema,2007-06-30,,,,,,,
Rodengo Saiano,2005-06-30,,,,,,,
Pro Vercelli,2003-06-30,,,,,,,
Piacenza,2000-06-30,,,,,,,
Piacenza U19,2000-06-30,,,,,,,
Inter U19,2013-06-30,,,,,,,
Inter Youth,2008-06-30,,,,,,,
Inter U19,2006-06-30,,,,,,,
Piacenza U19,2003-06-30,,,,,,,
Piacenza Youth,2001-06-30,,,,,,,
Piacenza Youth,1999-12-31,,,,,,,
Treviso,2010-01-01,,,,,,,
Sambenedettese,2009-06-30,,,,,,,
Foggia,2005-11-17,,,,,,,
Andria,2005-06-30,,,,,,,
Imolese,2004-06-30,,,,,,,
Arezzo,2003-01-01,,,,,,,
Benevento,2002-06-30,,,,,,,
Ravenna,2001-03-06,,,,,,,
Reggiana,2000-06-30,,,,,,,
Andria,1999-06-30,,,,,,,
US Palermo,1997-10-14,,,,,,,
Calcio Monza,1997-03-18,,,,,,,
Ravenna,1996-06-30,,,,,,,
Pescara,1994-12-10,,,,,,,
AC Pisa,1993-08-17,,,,,,,
Andria,1993-06-30,,,,,,,
Sambenedettese,1992-06-30,,,,,,,
Piacenza,1990-06-30,,,,,,,
Palermo,1989-06-30,,,,,,,
Barletta CS,1988-06-30,,,,,,,
Barletta CS,1987-10-17,,,,,,,
Francavilla,1987-06-30,,,,,,,
Teramo,1986-06-30,,,,,,,
Lucchese,1985-06-30,,,,,,,
Teramo,1984-06-30,,,,,,,
Mestre,1983-06-30,,,,,,,
Forlì,1981-06-30,,,,,,,
Mestre,1980-06-30,,,,,,,
Varese,1979-02-19,,,,,,,
Messina,1977-06-30,,,,,,,
Messina,1977-01-03,,,,,,,
AS Livorno,2014-01-21,,,,,,,
AS Livorno,2012-06-06,,,,,,,
AS Livorno,2012-05-07,,,,,,,
Piacenza,2009-12-29,,,,,,,
Piacenza,2009-07-03,,,,,,,
Genoa,2006-04-28,,,,,,,
AS Livorno,2006-03-07,,,,,,,
Empoli,2004-06-30,,,,,,,
Bari,2002-12-29,,,,,,,
Hellas Verona,2001-06-30,,,,,,,
Ravenna,2000-06-30,,,,,,,
Reggiana,1999-03-06,,,,,,,
Hellas Verona,1996-06-30,,,,,,,
Ancona,1995-05-15,,,,,,,
Andria,1994-06-30,,,,,,,
Triestina,1993-05-24,,,,,,,
Cesena,1992-06-30,,,,,,,
AC Siena,1991-06-30,,,,,,,
Piacenza,1989-06-30,,,,,,,
Genoa,1989-06-30,,,,,,,
Genoa U19,1988-01-25,,,,,,,
Genoa,1987-06-30,,,,,,,
Genoa CFC Youth,1986-05-12,,,,,,,
CSKA Sofia,2001-06-01,,,,,,,
CSKA Sofia,2000-12-20,,,,,,,
Como,1997-12-01,,,,,,,
Pistoiese,1997-06-30,,,,,,,
Pistoiese,1996-10-28,,,,,,,
SC Leffe,1994-06-30,,,,,,,
Vis Pesaro,1993-06-30,,,,,,,
Lazio U19,1992-06-30,,,,,,,
Mantova,1990-10-22,,,,,,,
Piacenza,1988-12-06,,,,,,,
Bari,1988-06-30,,,,,,,
Pescara,1986-06-30,,,,,,,
Varese,1984-06-30,,,,,,,
Bari,1983-03-14,,,,,,,
Bari U19,1981-03-29,,,,,,,
Bari,1979-06-30,,,,,,,
US Palermo Yout,1978-06-30,,,,,,,
Parma FC Youth,1977-06-30,,,,,,,
Città di Lecco,1992-06-30,,,,,,,
Palazzolo,1990-06-30,,,,,,,
Vicenza,1989-05-01,,,,,,,
Piacenza,1988-06-30,,,,,,,
SPAL,1982-03-22,,,,,,,
Atalanta,1980-06-30,,,,,,,
Cremonese,1976-06-30,,,,,,,
Atalanta,1970-06-30,,,,,,,
Seregno CB 1913,1966-06-30,,,,,,,
Piacenza,1983-06-30,,,,,,,
AC Pisa,1979-10-28,,,,,,,
ASG Nocerina,1975-06-30,,,,,,,
Latina,1984-06-30,,,,,,,
ASG Nocerina,1983-06-30,,,,,,,
Piacenza,1981-06-30,,,,,,,
Bancoroma,1980-06-30,,,,,,,
Bari,1978-01-15,,,,,,,
Lecce,1974-06-30,,,,,,,
FC Turris 1944,1973-06-30,,,,,,,
Teramo,1990-06-30,,,,,,,
Livorno,1988-06-30,,,,,,,
Benevento,1986-06-30,,,,,,,
Francavilla,1985-06-30,,,,,,,
AC Siena,1984-06-30,,,,,,,
Ternana,1983-06-30,,,,,,,
Salernitana,1982-06-30,,,,,,,
Avellino,1981-06-30,,,,,,,
Piacenza,1980-06-30,,,,,,,
Treviso,1979-06-30,,,,,,,
Alessandria,1978-06-30,,,,,,,
Padova,1977-08-15,,,,,,,
Seregno CB 1913,1977-06-30,,,,,,,
Sant'Angelo,1976-06-30,,,,,,,
Legnago,1975-06-30,,,,,,,
Alense,1972-06-30,,,,,,,
Audace San Michele,1971-06-30,,,,,,,
Orceana,1987-06-30,,,,,,,
Treviso,1978-06-30,,,,,,,
Pro Vercelli,1976-06-30,,,,,,,
Pro Vercelli,1975-06-30,,,,,,,
Legnano,1973-06-30,,,,,,,
Piacenza,1976-11-29,,,,,,,
Brindisi,1975-02-03,,,,,,,
Taranto,1974-06-30,,,,,,,
Inter,1973-03-31,,,,,,,
Venezia-Mestre,1989-06-30,,,,,,,
SPAL,1988-06-30,,,,,,,
Bologna,1987-06-30,,,,,,,
Foggia,1986-06-30,,,,,,,
Catanzaro,1985-06-30,,,,,,,
Catania,1984-06-30,,,,,,,
Reggiana,1983-06-30,,,,,,,
Cesena,1982-01-17,,,,,,,
Ascoli,1980-12-31,,,,,,,
Vicenza,1979-06-30,,,,,,,
Piacenza,1976-06-30,,,,,,,
Livorno,1974-06-30,,,,,,,
Giulianova,1973-06-30,,,,,,,
Sangiovannese,1972-06-30,,,,,,,
Cesena,1971-06-30,,,,,,,
SPAL,1969-10-06,,,,,,,
SPAL,1964-11-15,,,,,,,
Varese,1959-06-30,,,,,,,
Piacenza U19,1993-06-30,,,,,,,
Inter,1985-06-30,,,,,,,
Inter U19,1984-06-30,,,,,,,
Piacenza,1974-06-30,,,,,,,
Piacenza,1971-06-30,,,,,,,
Varese,1967-06-30,,,,,,,
Parma,1965-06-30,,,,,,,
Lucchese,1963-01-27,,,,,,,
Catanzaro,1962-04-01,,,,,,,
Messina,1961-06-30,,,,,,,
AS SimmMonza,1958-06-30,,,,,,,
Taranto,1950-06-30,,,,,,,
Reggiana,1949-06-30,,,,,,,
Calcio Venezia,1971-06-30,,,,,,,
Piacenza,1969-12-28,,,,,,,
Triestina,1969-06-30,,,,,,,
Piacenza,1966-06-30,,,,,,,
AC Siena,1964-06-30,,,,,,,
Triestina,1962-12-16,,,,,,,
Sambenedettese,1961-06-30,,,,,,,
Treviso,1960-06-30,,,,,,,
Inter,1957-06-30,,,,,,,
Portosummaga,1953-06-30,,,,,,,
Fiorenzuola,1962-06-30,,,,,,,
Fiorenzuola,1953-06-30,,,,,,,
Luino Calcio,1951-01-01,,,,,,,
Piacenza,1949-06-30,,,,,,,
SPAL,1948-06-30,,,,,,,
Piacenza,1947-06-30,,,,,,,
Pescara,1946-06-30,,,,,,,
Inter Youth,1944-06-30,,,,,,,
Pavia,1942-06-30,,,,,,,
Fanfulla,1941-06-30,,,,,,,
Sanremo,1949-06-30,,,,,,,
Piacenza,1948-06-30,,,,,,,
Arezzo,1947-01-30,,,,,,,
Siracusa,1942-06-30,,,,,,,
Manfredonia,1940-06-30,,,,,,,
Arezzo,1939-06-30,,,,,,,
Savona,1938-06-30,,,,,,,
Reggiana,1937-06-30,,,,,,,
US Russi,1935-06-30,,,,,,,
Palermo,1938-06-30,,,,,,,
Brindisi,1938-06-30,,,,,,,
Salernitana,1936-06-30,,,,,,,
Benevento,1935-06-30,,,,,,,
Campobasso,1934-06-30,,,,,,,
Foligno,1933-06-30,,,,,,,
Piacenza,1932-06-30,,,,,,,
Cremonese,1932-02-28,,,,,,,
Parma,1931-06-30,,,,,,,
Teramo,1930-06-30,,,,,,,
Legnano,1929-06-30,,,,,,,
OltrepòVoghera,1926-06-30,,,,,,,
Rivarolese,1925-06-30,,,,,,,
SPAL,1923-06-30,,,,,,,
Aosta,1939-06-30,,,,,,,
GS Teramo,1932-06-30,,,,,,,
SPAL,1931-12-31,,,,,,,
AC Siena,1931-06-30,,,,,,,
Piacenza,1929-06-30,,,,,,,
Inter,2024-06-30,,,,,,,
Lazio,2021-06-02,,,,,,,
Lazio,2016-06-30,,,,,,,
Lazio U19,2016-04-03,,,,,,,
Lazio U17,2014-01-06,,,,,,,
Lazio Youth,2011-06-30,,,,,,,
Feralpisalò,2025-06-30,,,,,,,
Südtirol,2021-06-30,,,,,,,
Venezia,2018-10-12,,,,,,,
Inter YL,2018-06-30,,,,,,,
Inter,2017-06-01,,,,,,,
Inter,2016-11-07,,,,,,,
Inter U19,2018-06-30,,,,,,,
Carpi,2014-03-17,,,,,,,
Südtirol,2013-07-04,,,,,,,
SPAL,2012-06-13,,,,,,,
Tritium,2011-06-14,,,,,,,
US Colognese,2009-06-30,,,,,,,
Mapello,2006-06-30,,,,,,,
Atalanta BC,2024-06-30,,,,,,,
Genoa,2016-06-13,,,,,,,
Inter,2011-09-21,,,,,,,
Genoa,2010-11-08,,,,,,,
FC Crotone,2006-06-30,,,,,,,
FC Crotone,2004-12-08,,,,,,,
Juventus Youth,2003-06-30,,,,,,,
Monza ,2011-03-30,,,,,,,
Pontisola,2010-11-20,,,,,,,
Voghera,2009-04-25,,,,,,,
Cremonese,2006-12-27,,,,,,,
Ternana,2004-09-20,,,,,,,
Inter,2004-06-22,,,,,,,
Inter,2003-10-20,,,,,,,
Inter,2003-10-18,,,,,,,
Inter U19,2003-06-30,,,,,,,
Fanfulla,2001-06-30,,,,,,,
Juventus,2007-06-14,,,,,,,
Arezzo,2005-04-21,,,,,,,
Bari,2003-11-11,,,,,,,
Inter,2001-06-19,,,,,,,
Cesena,1996-10-25,,,,,,,
Como,1995-06-13,,,,,,,
GZ Evergrande,2015-02-26,,,,,,,
GZ Evergrande,2014-11-02,,,,,,,
Juventus,2004-05-28,,,,,,,
Inter,2000-10-01,,,,,,,
Juventus,1999-02-07,,,,,,,
Napoli,1994-06-30,,,,,,,
Atalanta,1993-06-30,,,,,,,
Lucchese,1992-06-30,,,,,,,
Cesena,1991-01-26,,,,,,,
US Carrarese,1989-06-30,,,,,,,
Pistoiese,1988-06-30,,,,,,,
AC Siena,1987-01-19,,,,,,,
Pontedera,1986-06-30,,,,,,,
UC Sampdoria Yo,1985-06-30,,,,,,,
Inter,2004-07-01,,,,,,,
Inter U19,2002-07-01,,,,,,,
Inter,1999-04-27,,,,,,,
Inter,1999-03-21,,,,,,,
Inter,1997-06-30,,,,,,,
Inter,1997-05-18,,,,,,,
Dynamo Kyiv,2024-06-30,,,,,,,
Zenit S-Pb,2017-05-28,,,,,,,
Shakhtar D.,2016-05-21,,,,,,,
Besiktas,2004-05-01,,,,,,,
Galatasaray,2002-06-30,,,,,,,
Rapid Bucharest,2000-06-30,,,,,,,
Rapid Bucharest,1998-11-30,,,,,,,
Reggiana,1996-11-25,,,,,,,
Brescia,1996-02-26,,,,,,,
Brescia,1995-02-19,,,,,,,
AC Pisa,1991-03-11,,,,,,,
FC Dinamo,1990-06-30,,,,,,,
Corvinul Hd.,1982-06-30,,,,,,,
Virtus Lanciano,2009-06-30,,,,,,,
Como,2000-02-28,,,,,,,
Cremonese,1999-01-07,,,,,,,
Como,1997-06-30,,,,,,,
Inter,1994-06-30,,,,,,,
Inter U19,1991-06-30,,,,,,,
Inter,1994-02-13,,,,,,,
Genoa,1992-06-30,,,,,,,
Hellas Verona,1990-06-30,,,,,,,
Cesena,1981-06-30,,,,,,,
Fano,1979-06-30,,,,,,,
Rimini,1978-06-30,,,,,,,
Como,1977-06-30,,,,,,,
Solbiatese Arno Calcio,1974-06-30,,,,,,,
Verbania,1970-06-30,,,,,,,
Verona U19,1993-06-30,,,,,,,
Barletta CS,1990-06-30,,,,,,,
Mantova,1989-06-30,,,,,,,
Inter U19,1987-06-30,,,,,,,
Inter,1986-06-30,,,,,,,
Inter U19,1985-06-30,,,,,,,
Catanzaro,1983-11-07,,,,,,,
Lecce,1983-06-30,,,,,,,
Napoli U19,1982-06-30,,,,,,,
Napoli U19,1979-06-30,,,,,,,
Inter U19,1992-06-30,,,,,,,
Mantova,1983-06-30,,,,,,,
Brindisi,1982-06-30,,,,,,,
Solbiatese Arno Calcio,1979-06-30,,,,,,,
Salernitana,1978-01-30,,,,,,,
Inter,1976-06-30,,,,,,,
Inter,1974-06-30,,,,,,,
Inter,1973-06-30,,,,,,,
Inter,1972-06-30,,,,,,,
Genoa,1969-01-20,,,,,,,
Genoa,1968-11-04,,,,,,,
Vicenza,1966-11-14,,,,,,,
Inter,1960-03-07,,,,,,,
Modena,1958-11-24,,,,,,,
Bologna,1957-06-30,,,,,,,
Inter,1955-12-26,,,,,,,
Vicenza,1955-06-30,,,,,,,
Inter,1956-06-30,,,,,,,
Pro Patria,1951-06-30,,,,,,,
Besiktas,1948-06-30,,,,,,,
Inter,1948-03-22,,,,,,,
Atalanta,1946-01-13,,,,,,,
Alessandria,1966-12-31,,,,,,,
Varese,1965-09-26,,,,,,,
Como,1963-06-30,,,,,,,
Inter,1950-06-30,,,,,,,
Lucchese,1948-03-28,,,,,,,
Djurgården,1954-06-30,,,,,,,
Genoa,1949-12-11,,,,,,,
Inter,1949-06-30,,,,,,,
Atalanta,1949-06-30,,,,,,,
Inter,1948-05-27,,,,,,,
Inter,1947-01-05,,,,,,,
Sanremo,1942-06-30,,,,,,,
Juventus,1934-12-09,,,,,,,
Alessandria,1930-06-30,,,,,,,
Valenzana,1925-06-30,,,,,,,
Alessandria,1923-06-30,,,,,,,
Alessandria,1920-06-30,,,,,,,
Padova,1951-04-01,,,,,,,
Prato,1950-06-30,,,,,,,
Brescia,1946-01-14,,,,,,,
Ambrosiana-Inter,1944-06-30,,,,,,,
Juventus,1942-01-28,,,,,,,
Imola,1970-06-30,,,,,,,
Imolese,1963-06-30,,,,,,,
Livorno,1959-06-30,,,,,,,
Messina,1958-06-30,,,,,,,
Faenza Calcio,1957-06-30,,,,,,,
Parma,1956-06-30,,,,,,,
Sampdoria,1953-06-30,,,,,,,
Faenza Calcio,1952-06-30,,,,,,,
Lucchese,1951-02-12,,,,,,,
AC Venezia,1950-06-30,,,,,,,
Atalanta,1949-03-07,,,,,,,
Pro Livorno,1946-11-04,,,,,,,
Faenza Calcio,1944-06-30,,,,,,,
Livorno,1943-06-30,,,,,,,
Ambrosiana-Inter,1942-05-04,,,,,,,
Atalanta,1941-06-30,,,,,,,
Pro Vercelli,1939-06-30,,,,,,,
Anconitana,1936-06-30,,,,,,,
Foligno,1934-06-30,,,,,,,
Salernitana,1933-06-30,,,,,,,
Ambrosiana-Inter,1941-06-30,,,,,,,
Ambrosiana-Inter,1938-06-30,,,,,,,
Ambrosiana-Inter,1936-06-30,,,,,,,
Bologna,1938-10-10,,,,,,,
Novara,1935-06-30,,,,,,,
Ambrosiana-Inter,1934-06-30,,,,,,,
Bari,1932-06-30,,,,,,,
Ambrosiana,1931-06-30,,,,,,,
Inter,1928-06-30,,,,,,,
Ferencváros,1943-06-30,,,,,,,
Triestina,1937-09-28,,,,,,,
Újpest,1934-06-30,,,,,,,
Ambrosiana-Inter,1932-06-30,,,,,,,
Triestina,1931-06-30,,,,,,,
Ferencváros,1930-06-30,,,,,,,
Inter,1926-06-30,,,,,,,
Inter,1924-06-30,,,,,,,
Savona,1931-06-30,,,,,,,
Pavia,1929-12-09,,,,,,,
Inter,1920-06-30,,,,,,,
Inter,1915-06-30,,,,,,,
Sampdoria,2025-06-30,,,,,,,
Karagümrük,2023-05-24,,,,,,,
Juventus U23,2020-08-07,,,,,,,
Persija Jakarta,2022-01-19,,,,,,,
Kilmarnock FC,2019-12-17,,,,,,,
Juventus,2012-12-09,,,,,,,
AC Siena,2011-06-30,,,,,,,
SPAL,2008-06-30,,,,,,,
Massese,2007-06-30,,,,,,,
Imolese,2005-06-30,,,,,,,
SSC Napoli Yout,2002-06-30,,,,,,,
Bari,2021-04-19,,,,,,,
AEK Athens,2020-12-22,,,,,,,
Spartak Moscow,2018-10-22,,,,,,,
Spartak Moscow,2016-08-16,,,,,,,
Spartak Moscow,2016-08-04,,,,,,,
Juventus,2012-10-15,,,,,,,
Juventus U19,2012-06-30,,,,,,,
WH Zall,2017-03-24,,,,,,,
Sampdoria,2012-12-17,,,,,,,
Juventus,2010-01-28,,,,,,,
Castelvetro,2017-10-24,,,,,,,
Reggiana,2016-06-30,,,,,,,
Watford,2013-12-17,,,,,,,
Cuneo,2009-06-30,,,,,,,
SSC Venezia,2007-08-30,,,,,,,
Juventus,2007-06-30,,,,,,,
Juventus Youth,2001-06-30,,,,,,,
Juventus,1976-06-30,,,,,,,
Novara,1974-06-30,,,,,,,
Livorno,1967-06-30,,,,,,,
Livorno,1966-10-24,,,,,,,
Prato,1963-06-30,,,,,,,
Juventus,1962-06-30,,,,,,,
Juventus,1961-06-30,,,,,,,
Anconitana,1959-06-30,,,,,,,
Juventus,1974-06-30,,,,,,,
Juventus Youth,1971-05-25,,,,,,,
Palermo,1964-11-29,,,,,,,
Siracusa,1961-06-30,,,,,,,
Palermo,1960-03-09,,,,,,,
Parma,1958-06-30,,,,,,,
Juventus,1971-02-14,,,,,,,
Livorno,1970-05-31,,,,,,,
Città di Lecco,1967-11-20,,,,,,,
Sampdoria,1962-03-05,,,,,,,
AS SimmMonza,1956-12-06,,,,,,,
Napoli,1956-01-23,,,,,,,
Pro Sesto,1949-06-30,,,,,,,
Como,1947-06-30,,,,,,,
Guarani,1978-12-31,,,,,,,
Al-Hilal,1978-10-29,,,,,,,
Remo,1978-06-30,,,,,,,
Botafogo,1976-11-15,,,,,,,
América-RN,1975-12-31,,,,,,,
Botafogo,1973-12-31,,,,,,,
FC Porto,1972-03-06,,,,,,,
Vasco da Gama,1971-11-13,,,,,,,
Fluminense,1970-12-31,,,,,,,
EC Bahia,1968-12-31,,,,,,,
Atlético-MG,1966-12-31,,,,,,,
Genoa,1964-11-09,,,,,,,
Corinthians,1964-06-30,,,,,,,
Juventus,1963-09-30,,,,,,,
Vasco da Gama,1962-06-30,,,,,,,
Botafogo,1961-06-30,,,,,,,
Juventus,1949-06-30,,,,,,,
Juventus,1949-02-20,,,,,,,
Juventus,1949-03-13,,,,,,,
Napoli,1961-05-22,,,,,,,
Juventus,1960-12-31,,,,,,,
Pordenone,1959-06-30,,,,,,,
Boca Juniors,1950-06-30,,,,,,,
Banfield,1949-12-31,,,,,,,
Juventus,1948-04-26,,,,,,,
River Plate,1942-12-31,,,,,,,
Palermo,1948-06-30,,,,,,,
Mestre,1947-06-30,,,,,,,
Juventus,1943-06-30,,,,,,,
Lucchese,1940-06-30,,,,,,,
Juventus,1939-06-30,,,,,,,
Napoli,1949-02-14,,,,,,,
Alessandria,1946-11-17,,,,,,,
AC Pisa,1950-04-23,,,,,,,
Vigevano,1948-06-30,,,,,,,
Atalanta,1946-11-24,,,,,,,
Fossano,1946-06-30,,,,,,,
Varese,1944-12-31,,,,,,,
Varese,1943-06-30,,,,,,,
Juventus,1942-06-30,,,,,,,
Triestina,1940-06-30,,,,,,,
Juventus,1941-06-30,,,,,,,
Juventus,1940-10-27,,,,,,,
Modena,1939-06-30,,,,,,,
Lucchese,1938-06-30,,,,,,,
Brescia,1936-06-30,,,,,,,
Juventus,1935-06-08,,,,,,,
Juventus,1926-07-28,,,,,,,
Savona,1923-06-30,,,,,,,
Juventus,1922-06-30,,,,,,,
Juventus,1923-06-30,,,,,,,
Parma,2025-06-30,,,,,,,
Cremonese,2022-05-21,,,,,,,
Juventus U23,2020-07-17,,,,,,,
Avispa Fukuoka,2019-06-03,,,,,,,
Hellas Verona,2018-06-30,,,,,,,
Newcastle,2016-06-30,,,,,,,
SSC Napoli,2015-06-02,,,,,,,
Latina Calcio,2013-04-08,,,,,,,
AS Gubbio,2011-10-16,,,,,,,
Foggia,2010-01-19,,,,,,,
Lecce,2024-06-30,,,,,,,
Sampdoria,2022-01-17,,,,,,,
Parma,2021-05-24,,,,,,,
Parma,2020-08-23,,,,,,,
Virtus Lanciano,2016-01-30,,,,,,,
Ternana,2025-06-30,,,,,,,
Frosinone,2023-06-30,,,,,,,
FC Sion,2021-03-05,,,,,,,
Brescia,2019-12-02,,,,,,,
Sassuolo U19,2019-02-25,,,,,,,
US Sassuolo You,2018-07-03,,,,,,,
Parma,2016-12-03,,,,,,,
Parma U19,2017-06-30,,,,,,,
Parma U17,2016-06-30,,,,,,,
Felino,2022-12-19,,,,,,,
Modena,2019-01-10,,,,,,,
Lentigione ,2015-07-03,,,,,,,
ND Gorica,2014-10-06,,,,,,,
Reggiana,2013-03-19,,,,,,,
AS Gubbio,2012-06-23,,,,,,,
Grosseto,2010-09-27,,,,,,,
Modena,2010-06-30,,,,,,,
Modena,2009-01-26,,,,,,,
Modena,2007-02-11,,,,,,,
Parma,2006-06-30,,,,,,,
AC Parma,2003-06-30,,,,,,,
FC Chiasso,2019-06-30,,,,,,,
FC Lugano,2016-12-19,,,,,,,
Team Ticino U21,2016-06-30,,,,,,,
Team Ticino U18,2013-06-30,,,,,,,
AC Chioggia,2010-06-18,,,,,,,
Parma U19,2009-06-30,,,,,,,
Parma,2008-06-30,,,,,,,
Parma U19,2008-05-12,,,,,,,
Portosummaga,2006-10-17,,,,,,,
AC Venezia 1907,2005-10-04,,,,,,,
Pievigina,2000-06-30,,,,,,,
SPAL,2024-06-30,,,,,,,
Pordenone ,2023-07-10,,,,,,,
Pordenone ,2023-03-06,,,,,,,
LR Vicenza,2021-09-22,,,,,,,
Chievo Verona,2019-05-31,,,,,,,
Novara,2018-06-10,,,,,,,
Spezia Calcio,2017-06-30,,,,,,,
Cesena,2015-06-30,,,,,,,
AS Livorno,2014-04-19,,,,,,,
Chievo Verona,2012-10-02,,,,,,,
Sampdoria,2011-03-07,,,,,,,
Chievo Verona,2010-05-26,,,,,,,
Parma,2008-03-10,,,,,,,
Mantova,2007-06-11,,,,,,,
Vicenza U19,2003-06-30,,,,,,,
Varese,2008-10-02,,,,,,,
Varese,2008-06-30,,,,,,,
Parma U19,2007-06-30,,,,,,,
Parma,2005-06-30,,,,,,,
AC Parma,2002-06-30,,,,,,,
AC Parma,2004-12-14,,,,,,,
AS Livorno,2000-06-30,,,,,,,
Milan,1997-06-30,,,,,,,
Parma U19,1989-06-30,,,,,,,
AC Parma,1988-06-30,,,,,,,
AC Parma,1985-06-30,,,,,,,
AC Parma,1989-06-30,,,,,,,
Palermo,2022-07-27,,,,,,,
Vicenza,2011-10-04,,,,,,,
Empoli,2009-06-16,,,,,,,
US Palermo,2004-01-26,,,,,,,
Empoli,2003-05-21,,,,,,,
Brescia,1999-06-30,,,,,,,
Chievo Verona,1998-06-30,,,,,,,
Carrarese,1997-06-30,,,,,,,
AC Siena,1995-06-30,,,,,,,
Massese,1993-06-30,,,,,,,
Viareggio,1992-06-30,,,,,,,
USD Forte dei Marmi,1991-06-30,,,,,,,
Massese,1989-06-30,,,,,,,
River Plate,2013-12-12,,,,,,,
River Plate,2007-11-15,,,,,,,
Corinthians,2005-05-11,,,,,,,
Monterrey,2003-12-31,,,,,,,
AC Parma,2001-12-17,,,,,,,
River Plate,1994-07-31,,,,,,,
Carrarese,1998-06-30,,,,,,,
Carrarese,2000-06-30,,,,,,,
US Palermo,1997-06-30,,,,,,,
Pistoiese,1996-06-30,,,,,,,
US Palermo,1995-06-30,,,,,,,
Modena,1994-06-30,,,,,,,
Taranto,1992-12-31,,,,,,,
Empoli,1991-06-30,,,,,,,
Como,1989-11-06,,,,,,,
Campobasso,1987-06-30,,,,,,,
Sambenedettese,1986-06-30,,,,,,,
Varese,1985-06-30,,,,,,,
Empoli,1983-06-30,,,,,,,
Lucchese,1981-06-30,,,,,,,
AC Pisa,1978-11-27,,,,,,,
Empoli,1978-06-30,,,,,,,
Massese,1976-06-30,,,,,,,
Novara,1996-12-03,,,,,,,
Legnano,1992-06-30,,,,,,,
Virescit,1991-06-30,,,,,,,
Pro Sesto,1989-06-30,,,,,,,
Novara,1987-06-30,,,,,,,
SPAL,1985-06-30,,,,,,,
Fano,1984-06-30,,,,,,,
AC Parma,1983-06-30,,,,,,,
Sanremo,1981-06-30,,,,,,,
Sant'Angelo,1980-06-30,,,,,,,
Palermo,1985-06-30,,,,,,,
Pescara,1984-06-30,,,,,,,
Chieti,1982-06-30,,,,,,,
AC Parma,1980-06-30,,,,,,,
Salernitana,1979-06-30,,,,,,,
Taranto,1978-06-30,,,,,,,
Cesena,1976-12-12,,,,,,,
Pescara,1976-06-30,,,,,,,
Pescara,1974-06-30,,,,,,,
Livorno,1971-11-14,,,,,,,
Salernitana,1971-06-30,,,,,,,
Salernitana,1967-05-07,,,,,,,
Palermo,1984-06-30,,,,,,,
AC Parma,1979-06-30,,,,,,,
Prato,1978-06-30,,,,,,,
AC Pisa,1977-06-30,,,,,,,
Arezzo,1974-12-01,,,,,,,
Grosseto,1974-06-30,,,,,,,
Suzzara,1991-06-30,,,,,,,
Jesina,1989-06-30,,,,,,,
Jesina,1990-06-30,,,,,,,
Sorso,1988-06-30,,,,,,,
Barletta,1984-06-30,,,,,,,
Giulianova,1981-06-30,,,,,,,
US Crotone,1979-06-30,,,,,,,
AC Parma,1978-06-30,,,,,,,
US Crotone,1977-06-30,,,,,,,
Mantova,1974-06-30,,,,,,,
Spezia,1973-06-30,,,,,,,
Reggiana,1975-01-19,,,,,,,
Prato,1989-06-30,,,,,,,
Ternana,1984-06-30,,,,,,,
Prato,1982-06-30,,,,,,,
Lucchese,1978-10-29,,,,,,,
AC Parma,1976-06-30,,,,,,,
Ternana,1975-06-30,,,,,,,
AC Parma,1975-06-30,,,,,,,
Brescia,1974-01-28,,,,,,,
Casertana,1971-06-30,,,,,,,
Atalanta,1970-04-17,,,,,,,
Città di Lecco,1969-06-30,,,,,,,
Lazio,1968-02-19,,,,,,,
Brescia,1967-06-30,,,,,,,
Genoa,1963-03-18,,,,,,,
Sampdoria,1960-06-30,,,,,,,
Giulianova,1992-06-30,,,,,,,
Vigor Lamezia,1990-06-30,,,,,,,
Salernitana,1986-06-30,,,,,,,
SSC Campania,1985-06-30,,,,,,,
Padova,1983-11-27,,,,,,,
SSC Campania,1983-06-30,,,,,,,
Foggia,1980-06-30,,,,,,,
Rimini,1979-03-04,,,,,,,
Catanzaro,1978-06-30,,,,,,,
AC Parma,1975-05-18,,,,,,,
Reggiana,1972-06-30,,,,,,,
Pergocrema,1981-06-30,,,,,,,
Seregno FBC 1913,1979-06-30,,,,,,,
Cremonese,1978-04-02,,,,,,,
Seregno CB 1913,1976-06-30,,,,,,,
AC Parma,1972-06-30,,,,,,,
AC Parma,1971-06-30,,,,,,,
Atalanta,1967-06-30,,,,,,,
Sambenedettese,1980-06-30,,,,,,,
Varese,1976-06-30,,,,,,,
Monza,1968-10-20,,,,,,,
Monza,1966-06-30,,,,,,,
Parma,1963-12-01,,,,,,,
Parma,1964-06-30,,,,,,,
Stabia,1952-06-30,,,,,,,
Salernitana,1950-06-30,,,,,,,
Napoli,1948-07-04,,,,,,,
Parma,1963-10-06,,,,,,,
Parma,1963-01-13,,,,,,,
Parma,1956-10-28,,,,,,,
Parma,1947-12-30,,,,,,,
Padova,1946-05-27,,,,,,,
Parma,1926-06-30,,,,,,,
Venezia,2026-06-30,,,,,,,
Spartak Moscow,2022-06-09,,,,,,,
Venezia,2022-11-07,,,,,,,
Venezia,2022-06-09,,,,,,,
Venezia U19,2022-04-27,,,,,,,
Venezia,2021-07-22,,,,,,,
Venezia U17,2020-05-31,,,,,,,
Venezia,2022-10-31,,,,,,,
Südtirol,2022-06-08,,,,,,,
Pro Patria,2021-06-08,,,,,,,
Mantova,2016-03-14,,,,,,,
Brescia,2015-01-21,,,,,,,
Brescia U19,2014-12-14,,,,,,,
Brescia Youth,2012-06-30,,,,,,,
FC Empoli,2025-06-30,,,,,,,
Venezia,2022-04-27,,,,,,,
Ascoli,2020-01-27,,,,,,,
Südtirol,2019-06-06,,,,,,,
Reggiana U19,2017-06-30,,,,,,,
Reggiana,2015-06-30,,,,,,,
Sassuolo,2025-06-30,,,,,,,
Empoli,2021-06-15,,,,,,,
Venezia,2020-08-14,,,,,,,
Imolese,2019-06-26,,,,,,,
Fiorenzuola,2018-05-14,,,,,,,
Borgosesia,2017-06-02,,,,,,,
Olginatese,2014-10-16,,,,,,,
Livorno,2024-06-30,,,,,,,
Tau,2023-05-22,,,,,,,
Prato,2022-10-24,,,,,,,
Foll. Gavorrano,2021-03-29,,,,,,,
Fidelis Andria,2020-06-09,,,,,,,
Fidelis Andria,2019-11-04,,,,,,,
Lucchese,2019-06-30,,,,,,,
Gavorrano,2018-06-30,,,,,,,
Andria,2017-06-30,,,,,,,
Venezia,2016-06-06,,,,,,,
AC Pisa,2015-08-20,,,,,,,
Andria,2015-06-07,,,,,,,
Bisceglie,2014-03-04,,,,,,,
Viktoria Zizkov,2013-06-24,,,,,,,
Matera,2012-12-20,,,,,,,
Unione Venezia,2012-06-30,,,,,,,
Lucchese,2010-10-26,,,,,,,
AC Scafatese,2007-11-06,,,,,,,
Ternana,2006-10-31,,,,,,,
Latina,2005-12-07,,,,,,,
Olbia,2004-06-30,,,,,,,
Fano,2003-06-30,,,,,,,
Carrarese,2002-01-01,,,,,,,
Castelnuovo,2001-06-30,,,,,,,
Cecina,1998-06-30,,,,,,,
AC Fucecchio,1997-06-30,,,,,,,
Aglianese,1996-06-30,,,,,,,
Montecatini,1995-06-30,,,,,,,
Union Feltre,2021-03-24,,,,,,,
Pordenone U19,2020-06-30,,,,,,,
Levico Terme,2019-06-30,,,,,,,
Senglea Ath.,2018-07-17,,,,,,,
Venezia,2015-11-24,,,,,,,
Real Vicenza,2015-02-28,,,,,,,
D. Porto Tolle,2014-06-30,,,,,,,
Aprilia,2013-06-30,,,,,,,
Padova U19,2012-06-21,,,,,,,
Unione Venezia,2010-06-30,,,,,,,
SSC Venezia,2008-06-30,,,,,,,
SSC Venezia,2007-09-10,,,,,,,
SSC Venezia,2007-08-31,,,,,,,
Venezia FC U19,2006-06-30,,,,,,,
Venezia Gio,2005-06-30,,,,,,,
Jesolo,2004-06-30,,,,,,,
Pievigina,2002-06-30,,,,,,,
Mestre,2001-06-30,,,,,,,
Bassano,1999-06-30,,,,,,,
Legnago,2022-03-28,,,,,,,
LR Vicenza,2019-02-23,,,,,,,
Feralpisalò,2018-02-08,,,,,,,
Feralpisalò,2015-11-03,,,,,,,
Unione Venezia,2015-06-09,,,,,,,
Padova,2014-07-15,,,,,,,
Spezia Calcio,2013-01-04,,,,,,,
Grosseto,2011-06-01,,,,,,,
Mantova,2011-01-13,,,,,,,
SSC Venezia,2009-06-30,,,,,,,
SSC Venezia,2008-11-10,,,,,,,
Venezia FC U19,2008-03-09,,,,,,,
Carrarese,2024-06-30,,,,,,,
Viterbese,2022-06-23,,,,,,,
Viterbese,2021-10-04,,,,,,,
AS Livorno,2021-03-01,,,,,,,
Robur Siena,2020-08-14,,,,,,,
Arezzo,2019-06-27,,,,,,,
Juventus U19,2018-06-12,,,,,,,
Juventus YL,2018-06-12,,,,,,,
Empoli U19,2017-06-18,,,,,,,
Vicenza,2013-06-30,,,,,,,
Padova,2012-06-10,,,,,,,
Padova U19,2011-03-14,,,,,,,
Torres,2023-03-19,,,,,,,
Juve Stabia,2022-02-28,,,,,,,
Pistoiese,2021-06-30,,,,,,,
Feralpisalò,2020-07-09,,,,,,,
Viterbese,2019-01-21,,,,,,,
Viterbese,2018-06-30,,,,,,,
Viterbese,2018-03-26,,,,,,,
Arezzo,2017-06-30,,,,,,,
Bassano,2016-05-30,,,,,,,
Pistoiese,2015-06-28,,,,,,,
Varese,2014-05-19,,,,,,,
Varese,2013-11-25,,,,,,,
Unione Venezia,2013-06-30,,,,,,,
Carrarese,2012-07-04,,,,,,,
Carpi,2011-06-02,,,,,,,
ASD Sarzanese,2010-06-30,,,,,,,
Vallée d’Aoste,2009-06-30,,,,,,,
ASD Sarzanese,2008-06-30,,,,,,,
Dolomiti ,2023-06-30,,,,,,,
Padova,2022-02-21,,,,,,,
Feralpisalò,2021-06-09,,,,,,,
Belluno,2020-05-27,,,,,,,
Belluno,2019-06-30,,,,,,,
Monopoli ,2017-06-30,,,,,,,
Monopoli ,2017-02-12,,,,,,,
AltoVicentino,2015-06-30,,,,,,,
Reggina Primaver,2014-01-06,,,,,,,
Unione Venezia,2013-01-15,,,,,,,
Treviso,2012-07-17,,,,,,,
Jesolo,2008-06-30,,,,,,,
Sanvitese,2007-06-30,,,,,,,
Vis Pesaro,2022-12-01,,,,,,,
Pistoiese,2021-12-13,,,,,,,
Karagümrük,2021-08-12,,,,,,,
Città Varese,2020-12-02,,,,,,,
Gozzano,2020-01-19,,,,,,,
Udinese U19,2019-06-30,,,,,,,
Entella U19,2018-06-30,,,,,,,
Vis Pesaro,2017-06-07,,,,,,,
UC AlbinoLeffe,2015-11-16,,,,,,,
Seregno,2015-06-30,,,,,,,
Seregno,2015-04-03,,,,,,,
SPAL,2013-06-30,,,,,,,
Unione Venezia,2012-01-16,,,,,,,
Pianese,2011-06-30,,,,,,,
Pietrasanta,2008-06-30,,,,,,,
Spezia Youth,2004-06-30,,,,,,,
Entella Gio,1998-06-30,,,,,,,
Mezzolara,2015-01-18,,,,,,,
Unione Venezia,2011-06-30,,,,,,,
Treviso,2023-05-29,,,,,,,
Treviso,2021-05-06,,,,,,,
Luparense,2020-02-04,,,,,,,
Luparense,2019-06-07,,,,,,,
Campodarsego,2016-10-27,,,,,,,
San Paolo,2016-06-30,,,,,,,
AltoVicentino,2014-12-16,,,,,,,
Unione Venezia,2011-04-13,,,,,,,
Lecco,2016-12-09,,,,,,,
Lecco,2016-10-16,,,,,,,
Como,2016-06-30,,,,,,,
Paganese,2014-10-05,,,,,,,
Grosseto,2013-11-26,,,,,,,
Viareggio,2013-06-30,,,,,,,
AC Pisa,2010-11-29,,,,,,,
SSC Venezia,2009-02-24,,,,,,,
Arezzo,2008-04-15,,,,,,,
Foggia,2007-01-21,,,,,,,
Salernitana,2006-06-09,,,,,,,
Grosseto,2005-06-30,,,,,,,
Spezia,2003-01-19,,,,,,,
Messina Peloro,2002-08-17,,,,,,,
FC Crotone,2001-12-18,,,,,,,
Brescello,2001-06-30,,,,,,,
Messina Peloro,2000-06-30,,,,,,,
Giulianova,1998-06-30,,,,,,,
Collecchio,1996-06-30,,,,,,,
Vastese,2022-06-30,,,,,,,
Albalonga,2019-06-30,,,,,,,
Monopoli ,2016-06-30,,,,,,,
Torres,2013-10-15,,,,,,,
Catanzaro,2013-06-05,,,,,,,
Spezia,2011-05-23,,,,,,,
Spezia,2010-09-20,,,,,,,
Sambenedettese,2009-04-20,,,,,,,
SSC Venezia,2008-03-11,,,,,,,
Foggia,2007-06-30,,,,,,,
Manfredonia,2006-06-30,,,,,,,
Torres,2005-02-17,,,,,,,
Giulianova,2003-06-30,,,,,,,
Torres,2002-06-30,,,,,,,
Fermana,2001-01-08,,,,,,,
Giulianova,2000-06-30,,,,,,,
Cisco Lodigiani,1998-06-30,,,,,,,
Taranto,2022-09-12,,,,,,,
Brindisi,2022-06-30,,,,,,,
Afragolese,2021-06-30,,,,,,,
Nocerina,2019-10-21,,,,,,,
Casertana,2019-03-25,,,,,,,
Pomigliano,2018-08-02,,,,,,,
Frattese,2017-06-30,,,,,,,
Ischia,2016-03-16,,,,,,,
ACR Messina,2015-06-30,,,,,,,
Aversa Norm.,2014-03-03,,,,,,,
Carrarese,2013-02-19,,,,,,,
Barletta,2012-06-30,,,,,,,
Padova,2010-04-10,,,,,,,
Ascoli,2008-10-21,,,,,,,
Messina Peloro,2008-06-25,,,,,,,
SSC Venezia,2007-06-17,,,,,,,
Juve Stabia ,2005-06-30,,,,,,,
Benevento,2003-12-31,,,,,,,
Gladiator,2002-06-30,,,,,,,
Viribus Somma,2001-06-30,,,,,,,
Palmese,2000-06-30,,,,,,,
Viribus Somma,1999-06-30,,,,,,,
Bassano,2023-06-30,,,,,,,
Euromaro,2022-06-30,,,,,,,
Cosenza,2010-06-30,,,,,,,
Bassano,2009-01-20,,,,,,,
AC Venezia 1907,2005-04-24,,,,,,,
Padova,2004-02-16,,,,,,,
US Palermo,2002-09-16,,,,,,,
Sandonà,1996-06-30,,,,,,,
Bassano,1993-06-30,,,,,,,
Caerano,1990-06-30,,,,,,,
Lincoln FC,2018-04-09,,,,,,,
FC Cartagena,2014-12-31,,,,,,,
Bella Vista,2013-09-10,,,,,,,
Maldonado,2012-06-30,,,,,,,
CA Fénix,2010-01-04,,,,,,,
Peñarol,2009-09-14,,,,,,,
Maldonado,2008-01-19,,,,,,,
Juventud,2007-06-30,,,,,,,
AC Venezia 1907,2005-01-17,,,,,,,
Liverpool FC,2004-03-22,,,,,,,
Peñarol,2000-12-20,,,,,,,
Bella Vista,1998-12-31,,,,,,,
Nacional,1996-12-31,,,,,,,
Sud America,1995-12-31,,,,,,,
Lecco,2011-10-04,,,,,,,
Genoa,2000-11-05,,,,,,,
SPAL,1997-06-30,,,,,,,
Montevarchi,1996-06-30,,,,,,,
Atalanta BC,1995-06-30,,,,,,,
Varese,1992-06-30,,,,,,,
Vicenza,1987-06-30,,,,,,,
Monza,1986-01-05,,,,,,,
Bologna,1982-11-09,,,,,,,
Brescia,1981-12-14,,,,,,,
Monza,1980-06-30,,,,,,,
Avellino,2005-10-02,,,,,,,
Messina Peloro,2003-04-30,,,,,,,
Salernitana,2001-06-30,,,,,,,
Salernitana,2000-12-12,,,,,,,
AC Venezia 1907,2000-06-30,,,,,,,
Salernitana,1999-06-30,,,,,,,
Reggiana,1997-10-20,,,,,,,
Pescara,1996-06-30,,,,,,,
Pescara,1996-02-26,,,,,,,
Modena,1993-12-20,,,,,,,
Modena,1992-06-30,,,,,,,
Avellino,1991-06-30,,,,,,,
Giulianova,1990-06-30,,,,,,,
Santegidiese,1987-06-30,,,,,,,
Pineto,1984-06-30,,,,,,,
Termoli,1982-06-30,,,,,,,
AC Venezia 1907,1997-04-07,,,,,,,
Verona,1994-06-30,,,,,,,
Solbiatese Arno Calcio,1992-06-30,,,,,,,
Treviso,1989-06-30,,,,,,,
CPR Ospitaletto,1988-06-30,,,,,,,
Mestre,1987-06-30,,,,,,,
Reggiana,1985-10-21,,,,,,,
Treviso,1984-09-30,,,,,,,
Monza,1982-11-08,,,,,,,
SPAL,2002-10-07,,,,,,,
AC Milan Youth,2008-06-30,,,,,,,
Cesena,2002-06-30,,,,,,,
Como,1999-11-08,,,,,,,
Cosenza,1999-05-29,,,,,,,
Carpi,1998-06-30,,,,,,,
Milan U19,1996-06-30,,,,,,,
Milan U17,1995-06-30,,,,,,,
AC Venezia 1907,1993-04-11,,,,,,,
Varese,1991-06-30,,,,,,,
Varese,1987-03-07,,,,,,,
Novara,1985-06-30,,,,,,,
Legnano,1983-06-30,,,,,,,
Legnano,1984-06-30,,,,,,,
Sambenedettese,1979-10-22,,,,,,,
Genoa,1978-11-27,,,,,,,
Varese,1978-06-30,,,,,,,
Città di Lecco,1995-06-30,,,,,,,
Arezzo,1993-06-30,,,,,,,
AC Venezia 1907,1990-06-30,,,,,,,
Salernitana,1989-06-30,,,,,,,
Taranto,1988-06-30,,,,,,,
Calcio Monza,1987-06-30,,,,,,,
Brescia,1986-06-30,,,,,,,
Campobasso,1984-06-30,,,,,,,
Casertana,1981-06-30,,,,,,,
Francavilla,1979-06-30,,,,,,,
Pro Vasto,1978-06-30,,,,,,,
ASG Nocerina,1976-06-30,,,,,,,
Città di Lecco,1975-06-30,,,,,,,
Casertana,1974-06-30,,,,,,,
Taranto,2005-06-30,,,,,,,
Castrovillari,2001-06-30,,,,,,,
Astrea,1999-06-30,,,,,,,
Avezzano,1995-06-30,,,,,,,
Alessandria,1992-06-30,,,,,,,
Alessandria,1991-11-11,,,,,,,
Catanzaro,1989-06-30,,,,,,,
Valle d'Aosta,1995-12-31,,,,,,,
Modena,1994-12-31,,,,,,,
Alessandria,1994-06-30,,,,,,,
Spezia,1992-06-30,,,,,,,
AC Siena,1989-06-30,,,,,,,
Venezia-Mestre,1988-06-30,,,,,,,
SPAL,1987-06-30,,,,,,,
AC Siena,1986-06-30,,,,,,,
Cynthia,1983-06-30,,,,,,,
Chieti,1992-06-30,,,,,,,
Cisco Lodigiani,1990-06-30,,,,,,,
Andria,1989-06-30,,,,,,,
ASG Nocerina,1986-06-30,,,,,,,
Asti,1985-06-30,,,,,,,
Francavilla,1983-06-30,,,,,,,
Giulianova,1982-06-30,,,,,,,
Rende,1981-06-30,,,,,,,
Chieti,1980-06-30,,,,,,,
FC Turris 1944,1977-06-30,,,,,,,
Lucchese,1975-06-30,,,,,,,
Calcio Venezia,1974-06-30,,,,,,,
Savona,1973-06-30,,,,,,,
Savona,1971-06-30,,,,,,,
Cittadella,1994-06-30,,,,,,,
Montebelluna,1986-06-30,,,,,,,
Mestre,1985-06-30,,,,,,,
Calcio Venezia,1984-06-30,,,,,,,
Treviso,1982-06-30,,,,,,,
Olbia,2008-06-30,,,,,,,
Cesena,2001-02-27,,,,,,,
Triestina,1998-09-01,,,,,,,
Brescia,1998-04-27,,,,,,,
Brescia U19,1997-11-29,,,,,,,
Novara,1996-01-16,,,,,,,
CPR Ospitaletto,1995-06-30,,,,,,,
Trento,1991-06-30,,,,,,,
Rimini,1990-06-30,,,,,,,
Modena,1989-06-30,,,,,,,
Trento,1988-06-30,,,,,,,
RM Firenze,1986-06-30,,,,,,,
Conegliano,1984-06-30,,,,,,,
CPR Ospitaletto,1985-06-30,,,,,,,
Ravenna,1983-06-30,,,,,,,
Calcio Venezia,1983-06-30,,,,,,,
Teramo,1981-06-30,,,,,,,
Messina,1979-12-10,,,,,,,
Cesena,1976-11-08,,,,,,,
Foggia,1998-06-30,,,,,,,
Foggia,1997-06-30,,,,,,,
Padova,1994-06-30,,,,,,,
Pordenone,1989-06-30,,,,,,,
ASG Nocerina,1987-06-30,,,,,,,
Pordenone,1986-06-30,,,,,,,
Calcio Venezia,1980-06-30,,,,,,,
Modena,1976-12-12,,,,,,,
Como,1976-06-11,,,,,,,
AC Chioggia,1975-06-30,,,,,,,
AC Torino,1972-06-30,,,,,,,
Adriese 1906,1981-06-30,,,,,,,
Calcio Venezia,1977-06-30,,,,,,,
Calcio Venezia,1976-06-30,,,,,,,
Catanzaro,1969-02-23,,,,,,,
Pro Patria,1964-06-30,,,,,,,
Latina,1980-06-30,,,,,,,
Prato,1979-06-30,,,,,,,
Livorno,1978-06-30,,,,,,,
Rimini,1976-11-07,,,,,,,
Calcio Venezia,1975-06-30,,,,,,,
Modena,1974-06-30,,,,,,,
Calcio Venezia,1973-06-30,,,,,,,
SPAL,1972-06-30,,,,,,,
Cesena,1969-01-05,,,,,,,
Arezzo,1966-12-24,,,,,,,
Prato,1962-05-06,,,,,,,
Como,1969-10-26,,,,,,,
Calcio Venezia,1968-05-19,,,,,,,
Arezzo,1967-06-30,,,,,,,
Napoli,1964-03-08,,,,,,,
Novara,1968-06-30,,,,,,,
Palermo,1967-06-30,,,,,,,
AC Venezia,1965-06-30,,,,,,,
Città di Lecco,1963-03-10,,,,,,,
Alessandria,1961-06-30,,,,,,,
Città di Lecco,1959-06-30,,,,,,,
AC Venezia,1960-06-30,,,,,,,
Valle d'Aosta,1964-06-30,,,,,,,
Calangianus,1932-06-30,,,,,,,
Acireale,1960-06-30,,,,,,,
Barletta,1958-06-30,,,,,,,
Livorno,1956-06-30,,,,,,,
Taranto,1955-06-30,,,,,,,
AC Venezia,1952-06-30,,,,,,,
Fanfulla,1950-06-30,,,,,,,
AC Venezia,1949-06-30,,,,,,,
Cremonese,1948-06-30,,,,,,,
Fanfulla,1967-06-30,,,,,,,
Triestina,1946-06-30,,,,,,,
Triestina,1942-12-27,,,,,,,
Triestina,1937-06-30,,,,,,,
Vigor Trani,1965-10-17,,,,,,,
AC Venezia,1951-01-07,,,,,,,
AC Venezia,1949-10-10,,,,,,,
AC Venezia,1949-10-02,,,,,,,
Modena,1949-06-30,,,,,,,
AC Venezia,1946-06-30,,,,,,,
Modena,1943-06-30,,,,,,,
AC Venezia,1940-11-11,,,,,,,
Vigevano,1959-06-30,,,,,,,
Vigevano,1959-01-26,,,,,,,
Alessandria,1955-05-08,,,,,,,
Siracusa,1953-06-30,,,,,,,
Lucchese,1953-02-08,,,,,,,
Catania,1952-01-20,,,,,,,
Novara,1950-12-17,,,,,,,
Novara,1949-06-30,,,,,,,
Gallarate,1948-06-30,,,,,,,
AC Venezia,1947-06-30,,,,,,,
AC Venezia,1943-06-30,,,,,,,
Bari,1943-01-31,,,,,,,
Padova,1935-06-30,,,,,,,
Sampdoria,1947-06-30,,,,,,,
Alessandria,1946-09-23,,,,,,,
Como,1946-06-30,,,,,,,
Liguria,1945-06-30,,,,,,,
AC Venezia,1943-02-01,,,,,,,
Teramo,1940-06-30,,,,,,,
Lecce,1939-06-30,,,,,,,
Piombino,1931-06-30,,,,,,,
Ravenna,1930-06-30,,,,,,,
Pro Patria,1940-06-30,,,,,,,
Vigevano,1939-06-30,,,,,,,
Pro Patria,1938-06-30,,,,,,,
Novara,1936-06-30,,,,,,,
AC Venezia,1935-06-30,,,,,,,
Verona,1934-06-30,,,,,,,
AC Vicenza,1933-06-30,,,,,,,
Pro Patria,1930-06-30,,,,,,,
Hellas,1928-06-30,,,,,,,
AC Vicenza,1927-12-26,,,,,,,
Verona,1933-06-30,,,,,,,
Modena,1932-06-30,,,,,,,
Pescara,1931-06-30,,,,,,,
SS Serenissima,1930-06-30,,,,,,,
La Dominante,1929-06-30,,,,,,,
Catania,1933-06-30,,,,,,,
Hellas Verona,2023-06-30,,,,,,,
Cosenza,2021-12-06,,,,,,,
Chievo Verona,2021-08-03,,,,,,,
UC AlbinoLeffe,2021-06-30,,,,,,,
Monza,2018-10-22,,,,,,,
Caronnese,2016-05-23,,,,,,,
Caratese,2013-02-06,,,,,,,
Folgore Verano,2011-06-30,,,,,,,
Hellas Verona,2022-12-02,,,,,,,
Verona U19,2022-10-12,,,,,,,
Hellas Verona,2022-06-13,,,,,,,
Verona U18,2021-09-14,,,,,,,
Hellas Verona,2019-05-01,,,,,,,
Bari,2018-06-18,,,,,,,
Juventus YL,2017-06-13,,,,,,,
Juventus U19,2017-06-13,,,,,,,
Juventus U19,2014-03-10,,,,,,,
Mantova,2023-06-15,,,,,,,
Padova,2021-07-05,,,,,,,
Cremonese,2018-11-04,,,,,,,
Genoa,2017-04-10,,,,,,,
Hellas Verona,2015-11-30,,,,,,,
CFR Cluj,2010-09-12,,,,,,,
Sassuolo,2009-06-12,,,,,,,
AC Siena,2007-11-12,,,,,,,
Padova,2007-06-17,,,,,,,
Bologna,2006-03-05,,,,,,,
Atalanta BC,2004-12-06,,,,,,,
Vicenza,2003-06-11,,,,,,,
Spezia,2002-06-05,,,,,,,
Triestina,1999-06-30,,,,,,,
Ravenna,1998-06-30,,,,,,,
Manzanese,1994-06-30,,,,,,,
Monterosi,2024-06-30,,,,,,,
Racing Fondi,2017-09-18,,,,,,,
Latina Calcio,2017-06-30,,,,,,,
Grosseto,2011-12-03,,,,,,,
Hellas Verona,2010-11-08,,,,,,,
Gallipoli,2010-03-22,,,,,,,
Massese,2008-04-14,,,,,,,
FC Arges,2006-10-04,,,,,,,
Sambenedettese,2006-02-21,,,,,,,
Foggia,2005-01-12,,,,,,,
AS Rom Youth,2004-06-30,,,,,,,
Pavia,2015-06-30,,,,,,,
Hellas Verona,2010-06-21,,,,,,,
Cesena,2008-02-25,,,,,,,
Avellino,2007-07-16,,,,,,,
Genoa,2006-06-30,,,,,,,
Genoa,2006-03-04,,,,,,,
Ternana,2004-10-03,,,,,,,
Atalanta BC,2003-04-20,,,,,,,
Atalanta U19,1999-06-30,,,,,,,
Atalanta Youth,1997-06-30,,,,,,,
Legnago Gio.,2024-06-30,,,,,,,
Hellas U17,2021-06-30,,,,,,,
Hellas U17,2018-06-30,,,,,,,
Monopoli,2009-11-11,,,,,,,
Hellas Verona,2008-06-12,,,,,,,
Hellas Verona,2007-12-31,,,,,,,
Hellas Verona,2004-06-30,,,,,,,
Hellas Verona,1998-06-30,,,,,,,
Hellas Verona Y,1998-04-03,,,,,,,
Tempio,1990-06-30,,,,,,,
Trento,1989-06-30,,,,,,,
Verona U19,1988-06-30,,,,,,,
Hellas Verona,1974-06-30,,,,,,,
Hellas Verona,1962-11-25,,,,,,,
Hellas Verona,1960-06-30,,,,,,,
Modena U19,1994-06-30,,,,,,,
Prato,1992-06-30,,,,,,,
Modena,1988-06-30,,,,,,,
Anconitana,1984-06-30,,,,,,,
Fano,1981-06-30,,,,,,,
Hellas Verona,1978-11-13,,,,,,,
Hellas Verona,1975-06-30,,,,,,,
Hellas Verona,1972-06-30,,,,,,,
Hellas Verona,1967-01-15,,,,,,,
Cesena,1982-06-30,,,,,,,
Catanzaro,1973-03-12,,,,,,,
Mantova,1972-01-10,,,,,,,
Hellas Verona,1970-11-30,,,,,,,
AC Pisa,1969-06-30,,,,,,,
Potenza SC,1966-06-30,,,,,,,
Cesena,1965-06-30,,,,,,,
Rimini,1962-06-30,,,,,,,
Rimini,1960-06-30,,,,,,,
Cesena,1959-06-30,,,,,,,
AC Pisa,1971-11-29,,,,,,,
Arezzo,1970-06-30,,,,,,,
Hellas Verona,1967-06-30,,,,,,,
Hellas Verona,1964-06-30,,,,,,,
Hellas Verona,1962-06-30,,,,,,,
Arezzo,1960-06-30,,,,,,,
Vigevano,1959-01-18,,,,,,,
Sambenedettese,1957-02-03,,,,,,,
SPAL,1955-06-30,,,,,,,
Arezzo,1952-06-30,,,,,,,
Mantova,1951-06-30,,,,,,,
Verona,1949-11-06,,,,,,,
Legnano,1971-06-30,,,,,,,
Palermo,1966-06-30,,,,,,,
Hellas Verona,1964-05-17,,,,,,,
Lazio,1962-10-07,,,,,,,
Novara,1962-03-18,,,,,,,
Hellas Verona,1959-01-18,,,,,,,
Atalanta,1975-06-30,,,,,,,
Chieti,1970-06-30,,,,,,,
Città di Lecco,1968-01-08,,,,,,,
Reggiana,1962-06-30,,,,,,,
Città di Lecco,1961-12-25,,,,,,,
Verona,1958-05-05,,,,,,,
Verona,1955-02-01,,,,,,,
Verona,1953-03-23,,,,,,,
Novara,1956-11-25,,,,,,,
Pro Patria,1954-06-30,,,,,,,
Verona,1954-01-31,,,,,,,
Fanfulla,1953-06-30,,,,,,,
Vis Sauro Pesaro,1961-06-30,,,,,,,
Zenit Modena,1959-06-30,,,,,,,
Verona,1953-06-30,,,,,,,
Bologna,1952-06-30,,,,,,,
Bologna,1948-06-30,,,,,,,
Centese ,1947-06-30,,,,,,,
Livorno,1939-03-06,,,,,,,
Piombino,1938-06-30,,,,,,,
Palermo,1935-12-02,,,,,,,
Siracusa,1935-06-30,,,,,,,
Livorno,1934-06-30,,,,,,,
Bologna,1932-06-30,,,,,,,
Verona,1951-06-30,,,,,,,
Alessandria,1967-06-30,,,,,,,
Alessandria,1966-06-30,,,,,,,
Palermo,1964-11-02,,,,,,,
Palermo,1963-12-31,,,,,,,
Prato,1962-06-30,,,,,,,
Fenerbahce,1961-12-19,,,,,,,
Karagümrük GK,1959-09-27,,,,,,,
Beykozspor,1959-01-01,,,,,,,
Vefaspor,1958-11-24,,,,,,,
Adalet GK,1958-01-16,,,,,,,
Fenerbahce,1957-05-10,,,,,,,
Galatasaray,1954-06-30,,,,,,,
Fenerbahce,1953-09-28,,,,,,,
Verona,1950-01-16,,,,,,,
Hakoah Wien,1947-06-30,,,,,,,
Modena,1969-01-06,,,,,,,
Hellas,1929-06-30,,,,,,,
Padova,1930-07-06,,,,,,,
Brescia,1932-06-30,,,,,,,
Hellas,1926-06-30,,,,,,,
Legnano,1925-06-30,,,,,,,
Brescia,1923-06-30,,,,,,,
Hellas,1924-06-30,,,,,,,
LR Vicenza,2022-11-07,,,,,,,
Catania,2022-04-09,,,,,,,
Trapani,2019-12-17,,,,,,,
Juventus U19,2019-06-30,,,,,,,
Juventus YL,2019-06-30,,,,,,,
Roma U17,2018-06-30,,,,,,,
Imolese,2017-05-26,,,,,,,
Lucchese,2016-03-08,,,,,,,
Lucchese,2015-10-27,,,,,,,
Sestri Levante,2015-06-18,,,,,,,
Bologna U19,2013-06-30,,,,,,,
Bologna Youth,2012-06-30,,,,,,,
Spezia Calcio,2024-06-30,,,,,,,
Cremonese,2023-01-14,,,,,,,
Reggio Audace,2021-05-24,,,,,,,
UC AlbinoLeffe,2018-11-26,,,,,,,
Pistoiese,2016-04-12,,,,,,,
Tuttocuoio,2015-06-12,,,,,,,
Quarrata,2007-10-01,,,,,,,
Quarrata,2004-06-30,,,,,,,
Cosenza,2024-06-30,,,,,,,
Benevento,2022-09-20,,,,,,,
Juve Stabia ,2020-08-04,,,,,,,
Juve Stabia ,2017-06-30,,,,,,,
Reggiana,2024-06-30,,,,,,,
Frosinone,2021-03-22,,,,,,,
Miami FC,2017-11-30,,,,,,,
AC Milan YL,2022-04-28,,,,,,,
Milan U19,2022-04-28,,,,,,,
Maceratese,2017-06-30,,,,,,,
Foligno,2015-09-22,,,,,,,
Gualdo,2015-06-17,,,,,,,
Castel Rigone,2013-03-25,,,,,,,
Foligno,2011-04-20,,,,,,,
Foligno U19,2010-12-13,,,,,,,
Ascoli,2023-02-04,,,,,,,
Triestina,2022-06-13,,,,,,,
Empoli,2019-11-12,,,,,,,
Benevento,2019-06-17,,,,,,,
Sassuolo,2017-11-27,,,,,,,
Maceratese,2016-06-14,,,,,,,
Torres,2015-06-30,,,,,,,
AS Gubbio,2014-01-15,,,,,,,
Pescara,2013-06-07,,,,,,,
Pescara U19,2013-03-04,,,,,,,
Arezzo,2021-01-17,,,,,,,
Catania,2019-10-21,,,,,,,
Cesena,2017-09-30,,,,,,,
Bari,2016-06-30,,,,,,,
Virtus Lanciano,2011-06-30,,,,,,,
Benevento,2010-04-11,,,,,,,
Cavese,2009-06-03,,,,,,,
Martina,2008-02-17,,,,,,,
Pescara,2007-08-18,,,,,,,
Lanciano,2007-06-30,,,,,,,
Lanciano,2007-02-07,,,,,,,
Penne,2006-06-30,,,,,,,
Alba Adriat.,2004-06-30,,,,,,,
Penne,2003-06-30,,,,,,,
Ternana,2023-06-21,,,,,,,
Ternana,2022-11-26,,,,,,,
Catania,2020-07-29,,,,,,,
AS Livorno,2018-11-06,,,,,,,
Catania,2018-07-04,,,,,,,
ACR Messina,2017-06-30,,,,,,,
Tuttocuoio,2016-04-26,,,,,,,
Pistoiese,2015-02-09,,,,,,,
Viareggio,2014-06-30,,,,,,,
Parma U17,2013-06-24,,,,,,,
Matelica,2019-09-30,,,,,,,
Gavorrano,2018-10-09,,,,,,,
L'Aquila,2018-06-09,,,,,,,
Foligno,2016-02-25,,,,,,,
Taranto,2015-03-23,,,,,,,
Reggiana,2014-02-10,,,,,,,
Sansepolcro,2010-06-30,,,,,,,
Recanatese,2025-06-30,,,,,,,
Ancona,2017-03-16,,,,,,,
Udinese Calcio,2016-05-19,,,,,,,
L'Aquila,2014-09-30,,,,,,,
Foligno,2012-06-27,,,,,,,
Foligno,2011-10-13,,,,,,,
Monza ,2008-06-30,,,,,,,
Foligno,2007-05-28,,,,,,,
Valenzana,2006-06-01,,,,,,,
Valenzana,2005-06-30,,,,,,,
Rosetana,2004-06-30,,,,,,,
Frosinone,2003-06-30,,,,,,,
Carrarese,2002-06-30,,,,,,,
Gualdo,2001-06-30,,,,,,,
Vis Pesaro,1999-06-30,,,,,,,
Trapani,1998-06-30,,,,,,,
Maceratese,1997-06-30,,,,,,,
Maceratese Gio,1995-06-30,,,,,,,
Arezzo,2025-06-30,,,,,,,
San Donato,2022-05-31,,,,,,,
Gavorrano,2020-06-30,,,,,,,
Pistoiese,2018-10-23,,,,,,,
Pontedera,2017-05-16,,,,,,,
Pistoiese,2012-05-30,,,,,,,
Lucchese,2011-06-30,,,,,,,
AC Pisa,2009-11-01,,,,,,,
Foligno,2009-04-18,,,,,,,
FC Crotone,2008-05-30,,,,,,,
Sangiovannese,2007-06-26,,,,,,,
Lucchese,2005-10-11,,,,,,,
Massese,2005-06-30,,,,,,,
Grosseto,2003-06-30,,,,,,,
Poggibonsi,2001-12-01,,,,,,,
Sangimignano,2000-06-30,,,,,,,
RM Firenze,1999-06-30,,,,,,,
Impruneta,1997-06-30,,,,,,,
Sangiovannese,1989-06-30,,,,,,,
Castelfiorentin,1987-06-30,,,,,,,
Poggibonsi,1985-06-30,,,,,,,
Grosseto,2014-01-27,,,,,,,
Alghero,2013-10-30,,,,,,,
Pescara,2010-01-12,,,,,,,
Grosseto,2007-06-05,,,,,,,
Torres,2006-06-30,,,,,,,
Avellino,2005-03-27,,,,,,,
Ittihad Club,2003-06-30,,,,,,,
FC Crotone,2000-09-27,,,,,,,
Ternana,1998-11-16,,,,,,,
Acireale,1998-06-30,,,,,,,
Juventus U19,1995-06-30,,,,,,,
Paganese U19,2021-06-30,,,,,,,
Paganese Youth,2020-06-30,,,,,,,
Paganese,2017-08-28,,,,,,,
Paganese U19,2017-05-27,,,,,,,
Foligno,2010-12-13,,,,,,,
Foligno U19,2010-04-27,,,,,,,
Pontevecchio,2009-06-30,,,,,,,
Grosseto,2016-08-22,,,,,,,
Martina Franca,2016-02-22,,,,,,,
Rimini,2015-06-21,,,,,,,
Torres,2014-07-10,,,,,,,
Andria,2012-07-31,,,,,,,
Barletta,2012-02-07,,,,,,,
Salernitana,2009-11-01,,,,,,,
Arezzo,2009-06-30,,,,,,,
Arezzo,2009-02-24,,,,,,,
Taranto,2008-06-30,,,,,,,
Teramo,2006-06-30,,,,,,,
Fermana,2005-06-30,,,,,,,
Giugliano,2004-06-30,,,,,,,
Ferentino,2002-06-30,,,,,,,
Narnese Calcio,1998-06-30,,,,,,,
Pistoiese,2008-06-30,,,,,,,
Grosseto,2006-06-30,,,,,,,
Benevento,2005-02-02,,,,,,,
AC Pisa,2002-11-30,,,,,,,
Castel di Sangro,2001-06-30,,,,,,,
Cesena,1998-11-16,,,,,,,
Cesena U19,1997-01-31,,,,,,,
Nuova Cosenza,2012-01-10,,,,,,,
Cassino,2009-06-30,,,,,,,
Gallipoli,2008-06-30,,,,,,,
Messina Peloro,2003-10-09,,,,,,,
Martina,2003-06-30,,,,,,,
Andria,2002-06-30,,,,,,,
Chieti,2000-01-09,,,,,,,
Castrovillari,1999-06-30,,,,,,,
Cosenza U19,1997-06-30,,,,,,,
Siracusa,1993-06-30,,,,,,,
Cesena,2001-06-30,,,,,,,
Baracca Lugo,1993-06-30,,,,,,,
Cesena U19,1990-06-30,,,,,,,
Ancona,1996-06-30,,,,,,,
Ancona U19,1993-06-30,,,,,,,
Asti,1983-06-30,,,,,,,
Rimini U19,1982-06-30,,,,,,,
Lupa Frascati,1980-06-30,,,,,,,
Anconitana,1978-06-30,,,,,,,
Cesena,1977-06-30,,,,,,,
Sangiorgese,1973-06-30,,,,,,,
Padova,1998-09-28,,,,,,,
Ancona,1997-04-28,,,,,,,
Ascoli,1995-06-30,,,,,,,
Ascoli,1994-10-17,,,,,,,
Messina,1992-03-02,,,,,,,
Padova,1991-06-30,,,,,,,
Monopoli,1986-06-30,,,,,,,
Ascoli,1985-06-30,,,,,,,
Ascoli,1984-06-30,,,,,,,
Ascoli,1981-06-30,,,,,,,
Lucchese,1999-06-30,,,,,,,
Lucchese,1997-03-01,,,,,,,
Lucchese,1997-02-14,,,,,,,
Lucchese,1995-06-30,,,,,,,
Lucchese,1994-06-30,,,,,,,
Como,1988-06-30,,,,,,,
Riccione,1978-06-30,,,,,,,
Taranto,1972-10-08,,,,,,,
Modena,1972-04-02,,,,,,,
Modena,1971-06-30,,,,,,,
Livorno,1969-03-02,,,,,,,
Modena,1967-06-30,,,,,,,
Catanzaro,1965-06-30,,,,,,,
Sambenedettese,1960-06-30,,,,,,,
Galatasaray,1960-01-14,,,,,,,
Altay SK,1959-06-03,,,,,,,
Besiktas,1958-12-03,,,,,,,
Altay SK,1957-06-28,,,,,,,
Montevarchi,1991-06-30,,,,,,,
Montevarchi,1987-06-30,,,,,,,
Massese,1984-06-30,,,,,,,
Livorno,1983-06-30,,,,,,,
AC Siena,1981-06-30,,,,,,,
Montevarchi,1980-06-30,,,,,,,
Sangiovannese,1976-06-30,,,,,,,
Montevarchi,1973-06-30,,,,,,,
Livorno,1972-02-13,,,,,,,
Livorno,1971-06-30,,,,,,,
Livorno,1970-06-30,,,,,,,
Trento,1957-06-30,,,,,,,
Valle d'Aosta,1955-06-30,,,,,,,
Palmese,1952-06-30,,,,,,,
Benevento,1950-06-30,,,,,,,
SPAL,1949-07-04,,,,,,,
Sestrese,1947-06-30,,,,,,,
Lecce,1946-06-30,,,,,,,
Battipagliese,1942-06-30,,,,,,,
Salernitana,1941-06-30,,,,,,,
Liguria,1939-11-19,,,,,,,
Liguria,1940-06-30,,,,,,,
Anconitana,1939-06-30,,,,,,,
Salernitana,1938-06-30,,,,,,,
Mantova,1936-06-30,,,,,,,
Bari,2025-06-30,,,,,,,
Modena,2021-06-11,,,,,,,
Robur Siena,2019-05-20,,,,,,,
Olbia,2017-03-05,,,,,,,
Latina Calcio,2015-08-29,,,,,,,
Siena U19,2013-07-15,,,,,,,
Siena U17,2010-05-19,,,,,,,
ACR Messina,2022-12-23,,,,,,,
Pescara,2022-04-05,,,,,,,
Bari,2021-06-17,,,,,,,
Bari,2021-02-09,,,,,,,
Catanzaro,2020-07-31,,,,,,,
Catanzaro,2019-10-21,,,,,,,
Matera,2018-06-30,,,,,,,
Benevento,2016-06-14,,,,,,,
Matera,2015-06-30,,,,,,,
Latina Calcio,2013-09-10,,,,,,,
ASG Nocerina,2013-06-24,,,,,,,
ASG Nocerina,2012-01-07,,,,,,,
Catanzaro,2010-06-16,,,,,,,
Siracusa,2009-03-05,,,,,,,
Gallipoli,2007-06-30,,,,,,,
Siracusa,2005-06-30,,,,,,,
Martina,2004-06-30,,,,,,,
FC Crotone,2003-06-30,,,,,,,
FC Crotone,2003-01-31,,,,,,,
Avellino,2002-06-30,,,,,,,
Avellino,2001-10-29,,,,,,,
Igea Virtus,2001-06-30,,,,,,,
Ragusa,1995-11-28,,,,,,,
Atletico Catania,1995-01-15,,,,,,,
Catanzaro,2025-06-30,,,,,,,
Virtus Entella,2021-04-12,,,,,,,
Bari,2020-08-24,,,,,,,
Ascoli,2019-06-05,,,,,,,
Empoli,2017-12-17,,,,,,,
Latina Calcio,2017-06-19,,,,,,,
Teramo,2016-05-13,,,,,,,
Aprilia,2013-02-18,,,,,,,
Chieti,2011-06-30,,,,,,,
Renato Curi Ang,2009-06-30,,,,,,,
Angizia Luco,2008-06-30,,,,,,,
Pescara,2007-06-30,,,,,,,
Giulianova,2004-06-30,,,,,,,
Vastese,2023-06-30,,,,,,,
Forlì,2021-10-25,,,,,,,
Fermana,2021-06-01,,,,,,,
Bari,2019-09-22,,,,,,,
AS Gubbio,2017-09-25,,,,,,,
Viterbese,2017-03-20,,,,,,,
Viterbese,2016-12-09,,,,,,,
Ancona,2016-06-30,,,,,,,
Civitanovese,2013-05-17,,,,,,,
Fermana,2011-06-30,,,,,,,
AJ Fano,2010-06-30,,,,,,,
FC Castello,2009-06-30,,,,,,,
Sansepolcro,2006-06-30,,,,,,,
FC Canavese,2005-06-30,,,,,,,
Cagliese,2004-06-30,,,,,,,
CS U Craiova,2019-04-15,,,,,,,
Ascoli,2016-05-10,,,,,,,
Bari,2014-11-16,,,,,,,
Spezia Calcio,2014-06-23,,,,,,,
US Palermo,2011-12-19,,,,,,,
Palermo U19,2011-08-31,,,,,,,
Varese U19,2011-08-31,,,,,,,
Valenzana,2010-05-19,,,,,,,
Ivrea,2009-04-28,,,,,,,
Tritium,2008-06-30,,,,,,,
Varese,2007-06-14,,,,,,,
Sangiuliano,2023-04-23,,,,,,,
Avellino,2022-06-30,,,,,,,
Triestina,2020-11-30,,,,,,,
AC Pisa,2017-10-19,,,,,,,
Ternana,2017-03-06,,,,,,,
Latina Calcio,2016-06-03,,,,,,,
AS Livorno,2015-01-04,,,,,,,
Bari,2013-08-03,,,,,,,
Virtus Lanciano,2013-05-30,,,,,,,
Empoli FC Youth,2011-07-05,,,,,,,
Olbia,2010-06-30,,,,,,,
Potenza SC,2008-11-17,,,,,,,
Potenza SC,2008-09-11,,,,,,,
Padova,2024-06-30,,,,,,,
AS Gubbio,2022-06-17,,,,,,,
Sicula Leonzio,2019-06-30,,,,,,,
Vicenza,2017-06-30,,,,,,,
Salernitana,2016-02-02,,,,,,,
Cremonese,2014-03-11,,,,,,,
Bari,2013-06-04,,,,,,,
AS Gubbio,2011-06-13,,,,,,,
Genoa U17,2009-06-05,,,,,,,
Genoa U19,2007-06-30,,,,,,,
Genoa CFC Youth,2006-06-30,,,,,,,
Genoa,2003-06-30,,,,,,,
Olbia,2019-01-07,,,,,,,
Benevento,2014-01-20,,,,,,,
Empoli,2012-02-12,,,,,,,
Frosinone,2011-01-08,,,,,,,
Rimini,2009-06-30,,,,,,,
Avellino,2008-03-10,,,,,,,
FC Crotone,2007-06-26,,,,,,,
Bari,2006-06-30,,,,,,,
Viterbese,2004-06-30,,,,,,,
Olbia,2003-06-30,,,,,,,
AC Pisa,2001-10-25,,,,,,,
Olbia,2000-06-30,,,,,,,
Aglianese,1999-06-30,,,,,,,
Matera,2012-09-01,,,,,,,
Isola Liri,2012-04-19,,,,,,,
Barletta,2011-01-25,,,,,,,
Noicattaro,2009-06-30,,,,,,,
Monopoli,2008-02-12,,,,,,,
Fermana,2006-01-23,,,,,,,
Legnano,2005-04-17,,,,,,,
Sora,2003-10-06,,,,,,,
Shakhtar D.,2002-12-20,,,,,,,
Bari,2001-11-06,,,,,,,
Bari U19,2001-06-30,,,,,,,
SSC Bari Yth.,1994-06-30,,,,,,,
Battipagliese,2000-06-30,,,,,,,
Bari,1993-06-30,,,,,,,
SSC Bari Yth.,1992-06-30,,,,,,,
Avellino,1995-09-23,,,,,,,
Sambenedettese,1993-03-10,,,,,,,
Bari,1992-06-30,,,,,,,
Lecce,1991-06-30,,,,,,,
Toma Maglie,1997-06-30,,,,,,,
Nardò,1996-06-30,,,,,,,
Giarre,1991-06-30,,,,,,,
Pro Livorno,1989-06-30,,,,,,,
Casertana,1988-06-30,,,,,,,
Taranto,1986-11-10,,,,,,,
Catania,1985-06-30,,,,,,,
Catanzaro,1984-06-30,,,,,,,
Palermo,1983-06-30,,,,,,,
Palermo,1983-02-14,,,,,,,
Bari,1981-03-30,,,,,,,
Ascoli,1979-06-30,,,,,,,
Lecce,1977-06-30,,,,,,,
Brindisi,1975-06-30,,,,,,,
Brindisi,1974-11-11,,,,,,,
Atalanta,1981-06-30,,,,,,,
Bari,1979-04-30,,,,,,,
Cesena,1976-10-25,,,,,,,
Lazio,1975-12-01,,,,,,,
Sampdoria,1975-06-30,,,,,,,
Atalanta,1973-11-19,,,,,,,
Lazio U19,1991-06-30,,,,,,,
Frosinone,1986-06-30,,,,,,,
Messina,1981-06-30,,,,,,,
ASG Nocerina,1980-06-30,,,,,,,
Bari,1978-11-26,,,,,,,
Sassuolo,1995-06-30,,,,,,,
Fiorenzuola,1991-06-30,,,,,,,
Sassuolo,1990-06-30,,,,,,,
Varese,1989-06-30,,,,,,,
Casale,1988-06-30,,,,,,,
Rimini,1986-06-30,,,,,,,
Messina,1984-06-30,,,,,,,
SPAL,1983-06-30,,,,,,,
Como,1982-06-30,,,,,,,
Taranto,1981-03-10,,,,,,,
AC Pisa,1979-04-23,,,,,,,
Brescia,1978-06-30,,,,,,,
Taranto,1977-06-30,,,,,,,
Bari,1976-06-30,,,,,,,
Novara,1975-06-30,,,,,,,
Catanzaro,1974-01-07,,,,,,,
Vicenza,1972-09-30,,,,,,,
Catanzaro,1972-06-30,,,,,,,
Internapoli,1970-06-30,,,,,,,
Pescara,1968-12-31,,,,,,,
Lecce,1968-06-30,,,,,,,
Bisceglie,1990-06-30,,,,,,,
Andria,1985-06-30,,,,,,,
Martina,1982-06-30,,,,,,,
Riccione,1979-06-30,,,,,,,
Bari,1975-06-30,,,,,,,
Bari,1974-06-30,,,,,,,
Bari,1973-06-30,,,,,,,
Alcamo,1981-06-30,,,,,,,
Catania,1978-06-30,,,,,,,
Alcamo,1977-06-30,,,,,,,
Barletta,1975-06-30,,,,,,,
Marsala 1912,1974-06-30,,,,,,,
Barletta,1972-06-30,,,,,,,
Bari,1970-06-30,,,,,,,
Bari,1965-06-30,,,,,,,
AS SimmMonza,1964-03-15,,,,,,,
AS SimmMonza,1963-06-30,,,,,,,
Como,1960-06-30,,,,,,,
Vigor Trani,1966-05-15,,,,,,,
Bari,1965-05-23,,,,,,,
Bari,1960-06-30,,,,,,,
Catania,1958-06-30,,,,,,,
Sambenedettese,1957-06-30,,,,,,,
Bari,1956-06-30,,,,,,,
Bari,1951-01-28,,,,,,,
Varese,1966-03-13,,,,,,,
FC Lugano,1965-10-26,,,,,,,
Bari,1964-06-30,,,,,,,
Pro Patria,1962-06-30,,,,,,,
Bari,1962-06-30,,,,,,,
Bari,1951-06-30,,,,,,,
Lecce,1949-06-30,,,,,,,
Bari,1946-12-29,,,,,,,
Bari,1946-04-30,,,,,,,
Bari,1943-06-30,,,,,,,
Bari,1940-06-30,,,,,,,
Bari,1951-02-26,,,,,,,
Bari,1951-02-05,,,,,,,
Salernitana,1960-03-27,,,,,,,
Bari,1951-02-18,,,,,,,
Salernitana,1950-03-19,,,,,,,
Livorno,1939-06-30,,,,,,,
Lecce,1931-06-30,,,,,,,
Lazio,1930-06-30,,,,,,,
Alba Roma,1927-06-30,,,,,,,
Bari,1951-01-14,,,,,,,
AC Gallipoli,1979-06-30,,,,,,,
Bari,1950-11-26,,,,,,,
Bari,1948-07-04,,,,,,,
Ideale,1928-07-01,,,,,,,
L'Aquila,1958-06-30,,,,,,,
Ternana,1955-06-30,,,,,,,
Mantova,1948-06-30,,,,,,,
Bari,1946-11-03,,,,,,,
Atalanta,1945-11-25,,,,,,,
Spezia,1940-11-11,,,,,,,
Triestina,1939-02-13,,,,,,,
Modena,1938-06-30,,,,,,,
Pistoiese,1932-06-30,,,,,,,
Catania,1950-06-30,,,,,,,
Bari,1942-06-30,,,,,,,
Pro Patria,1942-03-09,,,,,,,
Padova,1941-06-30,,,,,,,
Palermo,2024-06-30,,,,,,,
Brescia,2022-06-14,,,,,,,
Lecce,2021-05-22,,,,,,,
Brescia,2020-02-05,,,,,,,
Brescia,2019-11-03,,,,,,,
Novara,2018-02-04,,,,,,,
US Palermo,2017-01-24,,,,,,,
Chievo Verona,2014-10-19,,,,,,,
Chievo Verona,2013-06-30,,,,,,,
Frosinone,2012-06-07,,,,,,,
FC Crotone,2011-02-20,,,,,,,
Portosummaga,2010-07-17,,,,,,,
Lecce U17,2021-06-30,,,,,,,
Lecce Giovanili,2020-08-24,,,,,,,
Lecce U17,2019-06-30,,,,,,,
Lecce,2017-09-17,,,,,,,
Lecce,2017-09-11,,,,,,,
Nardò,2016-09-15,,,,,,,
Virtus Lanciano,2016-06-30,,,,,,,
Lanciano U19,2016-02-02,,,,,,,
Lecce Giovanili,2013-06-30,,,,,,,
Lecce Giovanili,2010-06-30,,,,,,,
Copertino,2006-06-30,,,,,,,
Crociati Noceto,2003-06-30,,,,,,,
Casarano,2002-06-30,,,,,,,
Atletico Catania,2001-06-30,,,,,,,
Lecce Giovanili,1999-06-30,,,,,,,
Lecce,2017-09-10,,,,,,,
Lecce,2011-06-30,,,,,,,
Matera,2010-06-30,,,,,,,
Martina,2006-10-27,,,,,,,
Lecce,2006-06-30,,,,,,,
Lecce U19,2006-01-24,,,,,,,
Turris,2022-10-25,,,,,,,
Siena,2022-06-30,,,,,,,
Juve Stabia,2021-06-30,,,,,,,
Foggia,2019-03-10,,,,,,,
Lecce,2017-04-24,,,,,,,
Matera,2016-06-30,,,,,,,
Grosseto,2015-01-13,,,,,,,
Foggia,2014-05-29,,,,,,,
ASG Nocerina,2010-03-15,,,,,,,
AC Pisa,2009-04-19,,,,,,,
AS Gubbio,2024-06-30,,,,,,,
Avellino,2022-02-16,,,,,,,
Cosenza,2020-02-10,,,,,,,
Alessandria,2017-04-15,,,,,,,
Lecce,2016-06-30,,,,,,,
AC Pisa,2015-03-16,,,,,,,
Juve Stabia ,2014-06-30,,,,,,,
Juve Stabia ,2013-11-23,,,,,,,
Taranto,2009-09-22,,,,,,,
Frosinone,2009-06-30,,,,,,,
Lucchese,2008-06-05,,,,,,,
AC Pisa,2007-06-20,,,,,,,
Sangiovannese,2006-06-19,,,,,,,
Catanzaro,2004-10-05,,,,,,,
Chieti,2003-06-29,,,,,,,
Montevarchi,2001-06-30,,,,,,,
Foggia,2000-06-30,,,,,,,
Sangiovannese,1999-06-30,,,,,,,
Carrarese,1997-11-03,,,,,,,
Pontedera,1997-06-30,,,,,,,
Montevarchi,1996-04-03,,,,,,,
Sangiovannese,1994-06-30,,,,,,,
RM Firenze,1993-06-30,,,,,,,
VF Colligiana,1992-06-30,,,,,,,
Torino U18,2023-06-30,,,,,,,
Pistoiese,2019-06-30,,,,,,,
Teramo,2018-01-22,,,,,,,
Feralpisalò,2017-02-07,,,,,,,
Lecce,2015-10-12,,,,,,,
Bassano,2015-06-30,,,,,,,
Monza ,2014-05-09,,,,,,,
Torino U19,2012-06-28,,,,,,,
Torino FC Youth,2009-07-19,,,,,,,
Modena,2019-05-14,,,,,,,
Salernitana,2017-12-11,,,,,,,
Lazio,2016-10-09,,,,,,,
Atalanta BC,2016-06-30,,,,,,,
Lecce,2015-07-03,,,,,,,
Lazio,2015-02-04,,,,,,,
Lazio,2014-06-30,,,,,,,
Lazio U19,2013-12-30,,,,,,,
Fiorentina U19,2010-06-30,,,,,,,
Sampdoria U19,2007-06-16,,,,,,,
Valenzana,2005-03-22,,,,,,,
Igea Virtus,2004-06-30,,,,,,,
Lazio U19,2003-06-30,,,,,,,
Modena,1997-06-30,,,,,,,
Modena Youth,1998-06-30,,,,,,,
AC Crevalcore,1995-06-30,,,,,,,
Ternana,2019-02-23,,,,,,,
AS Gubbio,2018-03-21,,,,,,,
Viterbese,2017-02-21,,,,,,,
Lecce,2015-02-03,,,,,,,
AC Pisa,2013-12-23,,,,,,,
AC Pisa,2012-02-13,,,,,,,
Virtus Lanciano,2010-07-14,,,,,,,
Ravenna,2008-04-07,,,,,,,
Ravenna,2007-12-02,,,,,,,
Frosinone,2005-06-30,,,,,,,
Chieti,2004-06-30,,,,,,,
Alessandria,2003-01-14,,,,,,,
Fermana,2002-06-30,,,,,,,
Maceratese,2000-06-30,,,,,,,
Vis Pesaro,1998-06-30,,,,,,,
Andria Giovani,1996-06-30,,,,,,,
Casarano,1992-06-30,,,,,,,
Avigliano,1990-06-30,,,,,,,
FC Dinamo,2021-03-01,,,,,,,
Cavese,2019-09-16,,,,,,,
Sambenedettese,2018-06-30,,,,,,,
Sambenedettese,2017-11-08,,,,,,,
Catania,2016-06-30,,,,,,,
Martina Franca,2015-11-13,,,,,,,
Catanzaro,2014-11-09,,,,,,,
Lecce,2013-09-24,,,,,,,
Grosseto,2013-05-31,,,,,,,
Grosseto,2012-10-01,,,,,,,
FC Lugano,2012-06-27,,,,,,,
Grosseto,2011-01-12,,,,,,,
Frosinone,2010-04-25,,,,,,,
FC Crotone,2009-06-22,,,,,,,
Lanciano,2008-06-23,,,,,,,
Africa Sports,2007-05-22,,,,,,,
Galatina,2024-06-30,,,,,,,
Virtus Matino,2023-06-04,,,,,,,
Virtus Matino,2022-02-08,,,,,,,
Gallipoli,2021-04-29,,,,,,,
KF Vushtrria,2019-10-22,,,,,,,
Virtus Matino,2019-05-29,,,,,,,
Casarano,2016-03-10,,,,,,,
Casarano,2015-06-30,,,,,,,
Matera,2014-01-08,,,,,,,
Lecce,2013-05-14,,,,,,,
Lecce U19,2013-01-21,,,,,,,
Lecce U19,2012-06-30,,,,,,,
Casarano,2010-12-06,,,,,,,
Atalanta BC,2010-01-08,,,,,,,
Alghero,2007-06-30,,,,,,,
AC Pisa,2006-06-30,,,,,,,
Siena,2021-12-29,,,,,,,
Ternana,2019-02-14,,,,,,,
Trapani,2018-07-23,,,,,,,
US Palermo,2015-06-15,,,,,,,
Bologna,2012-06-30,,,,,,,
Lecce,2009-06-30,,,,,,,
Palermo,1995-06-30,,,,,,,
Lecce,1995-06-30,,,,,,,
Avellino,1990-06-30,,,,,,,
Prato,1988-06-30,,,,,,,
Siena U19,2003-06-30,,,,,,,
Lecce,1992-02-29,,,,,,,
Vis Pesaro,1990-06-30,,,,,,,
Monopoli,1989-06-30,,,,,,,
Forlì,1988-06-30,,,,,,,
Ascoli,1986-11-10,,,,,,,
Civitanovese,1985-06-30,,,,,,,
Rende,1984-06-30,,,,,,,
Civitanovese,1980-06-30,,,,,,,
Ascoli,1978-06-30,,,,,,,
Latina,2004-06-30,,,,,,,
Atl. Tricase,1999-06-30,,,,,,,
Battipagliese,1994-06-30,,,,,,,
Cavese,1990-06-30,,,,,,,
Catania,1988-06-30,,,,,,,
Lecce,1987-06-30,,,,,,,
Bologna,1984-10-16,,,,,,,
Napoli,1984-06-30,,,,,,,
Cavese,1983-06-30,,,,,,,
Ternana,1980-01-27,,,,,,,
Lecce,1979-06-30,,,,,,,
ASG Nocerina,1977-06-30,,,,,,,
Benevento,1976-06-30,,,,,,,
Sorrento,1974-06-30,,,,,,,
US Palermo,2017-06-30,,,,,,,
Palermo,1992-06-30,,,,,,,
Cosenza,1990-11-01,,,,,,,
Cosenza,1988-06-30,,,,,,,
Padova,1985-06-30,,,,,,,
Catania,1983-12-15,,,,,,,
Lecce,1982-06-30,,,,,,,
Genoa,1980-06-30,,,,,,,
Napoli,1978-10-09,,,,,,,
Catanzaro,1977-06-30,,,,,,,
Brindisi,1974-02-11,,,,,,,
Juve Stabia ,1973-06-22,,,,,,,
ASG Nocerina,1972-06-30,,,,,,,
SSC Napoli Yout,1971-06-30,,,,,,,
Casarano,1987-06-30,,,,,,,
Foggia,1985-06-30,,,,,,,
Casarano,1984-06-30,,,,,,,
Foggia,1983-06-30,,,,,,,
Francavilla,1982-06-30,,,,,,,
Monza,1981-04-18,,,,,,,
Sampdoria,1979-10-29,,,,,,,
Lecce,1978-06-30,,,,,,,
Novara,1977-03-28,,,,,,,
Vigevano,1975-06-30,,,,,,,
Rovereto,1972-06-30,,,,,,,
Ravenna,1970-06-30,,,,,,,
Modena,1968-01-15,,,,,,,
AC Pisa,1978-06-30,,,,,,,
Spezia,1976-06-30,,,,,,,
Lecce,1973-06-30,,,,,,,
AC Pisa,1970-06-30,,,,,,,
Reggina Primaver,2013-08-02,,,,,,,
Lanciano U19,2012-08-17,,,,,,,
Cisco Roma,2011-06-30,,,,,,,
Ternana,2006-06-30,,,,,,,
Lazio,2004-12-22,,,,,,,
Lazio U19,2004-06-30,,,,,,,
Pistoiese,2001-03-19,,,,,,,
Chievo Verona,1998-12-14,,,,,,,
Foggia,1998-02-22,,,,,,,
Lazio U19,1997-06-30,,,,,,,
Fiorentina U19,1993-06-30,,,,,,,
Fiorentina Yth.,1991-06-30,,,,,,,
Lazio,1985-06-30,,,,,,,
Lazio,1983-06-30,,,,,,,
Lazio,1980-06-30,,,,,,,
Lazio,1971-06-30,,,,,,,
Lazio,1968-06-30,,,,,,,
Lazio,1963-06-30,,,,,,,
Lazio,1962-03-18,,,,,,,
Soimii Pancota,2016-10-28,,,,,,,
Legnano,2005-06-30,,,,,,,
Monterotondo,2008-06-30,,,,,,,
Cisco Lodigiani,2004-06-30,,,,,,,
Tivoli,2002-06-30,,,,,,,
Tivoli,2002-02-01,,,,,,,
Lanciano,2000-06-30,,,,,,,
Catanzaro,1999-06-30,,,,,,,
FC Crotone,1998-06-30,,,,,,,
Viterbese,1997-06-30,,,,,,,
Monterotondo,1996-06-30,,,,,,,
Napoli U19,1991-06-30,,,,,,,
Lazio U19,1987-06-30,,,,,,,
Lazio,1983-12-13,,,,,,,
Lazio U19,1983-06-30,,,,,,,
Lazio,1982-06-30,,,,,,,
Frosinone,1978-06-30,,,,,,,
Frosinone,1974-06-30,,,,,,,
AC Pisa,1971-06-30,,,,,,,
Mantova,1969-01-06,,,,,,,
Messina,1968-06-30,,,,,,,
Lazio,1966-11-07,,,,,,,
Messina,1964-06-30,,,,,,,
Arezzo,1961-06-30,,,,,,,
AC Pisa,1960-06-30,,,,,,,
Lazio,1953-06-30,,,,,,,
Modena,1942-01-25,,,,,,,
Modena,1940-06-30,,,,,,,
Lazio,1948-11-14,,,,,,,
Alessandria,1955-10-17,,,,,,,
Lazio,1939-06-30,,,,,,,
LASK,1953-06-30,,,,,,,
Schwechater SC,1950-06-30,,,,,,,
Pro Gorizia,1948-06-30,,,,,,,
AC Vicenza,1937-06-30,,,,,,,
Lazio,1936-06-30,,,,,,,
SPAL,1934-06-30,,,,,,,
SPAL,1925-06-30,,,,,,,
Lazio,1932-06-30,,,,,,,
Lazio,1925-06-30,,,,,,,
Bologna,2024-06-30,,,,,,,
Spezia Calcio,2022-06-28,,,,,,,
Genoa,2019-12-28,,,,,,,
Paris SG U19,2019-07-10,,,,,,,
Bologna,2022-09-12,,,,,,,
Bologna U17,2021-07-26,,,,,,,
Bologna U18,2022-06-30,,,,,,,
Bologna Youth,2020-06-30,,,,,,,
Bologna U17,2019-06-30,,,,,,,
Bologna U19,2017-06-30,,,,,,,
Bologna U17,2016-06-30,,,,,,,
Bologna,2010-08-31,,,,,,,
Bologna U19,2011-06-30,,,,,,,
Sassuolo,2002-03-26,,,,,,,
Pavullese,1999-06-30,,,,,,,
Empoli,2018-06-30,,,,,,,
Bologna,2007-06-30,,,,,,,
Bologna,2007-07-14,,,,,,,
Prato,2004-02-15,,,,,,,
Bologna U19,2003-12-30,,,,,,,
Empoli U19,2003-06-30,,,,,,,
Bologna,1993-06-30,,,,,,,
AC Siena,1992-06-30,,,,,,,
Vicenza,1989-06-30,,,,,,,
Montevarchi,1989-03-30,,,,,,,
AC Siena,1988-06-30,,,,,,,
Livorno,1986-06-30,,,,,,,
Reggiana,1983-01-23,,,,,,,
Bologna,1979-06-30,,,,,,,
Foggia,2002-06-30,,,,,,,
Chieti,2000-06-30,,,,,,,
Chieti,1999-11-22,,,,,,,
Chieti,1998-10-08,,,,,,,
Avellino,1996-06-30,,,,,,,
Francavilla,1992-06-30,,,,,,,
Sambenedettese,1990-06-30,,,,,,,
Catania,1989-06-30,,,,,,,
Catania,1987-06-30,,,,,,,
Ancona,1986-06-30,,,,,,,
Bologna,1985-06-30,,,,,,,
AC Pisa,1984-06-30,,,,,,,
AC Pisa,1983-10-10,,,,,,,
Catanzaro,1983-01-16,,,,,,,
Modena,1981-06-30,,,,,,,
Bologna,1983-06-30,,,,,,,
Bologna,1977-06-30,,,,,,,
Bologna,1972-06-30,,,,,,,
Cesena,1970-01-19,,,,,,,
Bologna,1969-09-30,,,,,,,
Ternana,1993-01-18,,,,,,,
Monopoli,1992-06-30,,,,,,,
Palermo,1990-10-08,,,,,,,
Torres,1989-06-30,,,,,,,
Casertana,1987-09-28,,,,,,,
Cosenza,1987-06-30,,,,,,,
Cavese,1986-06-30,,,,,,,
Sambenedettese,1985-02-25,,,,,,,
Bologna,1982-06-30,,,,,,,
Pescara,2001-02-18,,,,,,,
Ternana,2000-06-30,,,,,,,
Lucchese,1998-10-12,,,,,,,
Genoa,1998-06-30,,,,,,,
AS Livorno,1995-06-30,,,,,,,
Como,1993-06-30,,,,,,,
Salernitana,1992-06-30,,,,,,,
Cremonese,1991-03-02,,,,,,,
Catanzaro,1988-10-30,,,,,,,
Vicenza,1987-02-28,,,,,,,
Genoa,1986-05-12,,,,,,,
Como,1984-06-30,,,,,,,
Bologna,1982-03-15,,,,,,,
Catanzaro,1981-06-30,,,,,,,
Livorno,1980-06-30,,,,,,,
Pescara,1965-06-30,,,,,,,
Portosummaga,1964-06-30,,,,,,,
Pescara,1961-06-30,,,,,,,
Hajduk Split,1948-06-30,,,,,,,
NK Zagreb,1946-06-30,,,,,,,
Hajduk Split,1941-06-30,,,,,,,
Bologna,1951-06-30,,,,,,,
Napoli,1947-10-26,,,,,,,
Livorno,1952-06-30,,,,,,,
Bologna,1951-05-27,,,,,,,
Bologna,1946-06-30,,,,,,,
Bologna,1934-06-30,,,,,,,
Bologna,1943-06-30,,,,,,,
Bologna,1934-01-14,,,,,,,
Bologna,1933-11-19,,,,,,,
Karlstad BK,1959-06-30,,,,,,,
IK Oddevold,1954-06-30,,,,,,,
Åtvidabergs FF,1952-06-30,,,,,,,
IFK Göteborg,1948-06-30,,,,,,,
Brage,1942-06-30,,,,,,,
Genova,1934-06-30,,,,,,,
Bologna,1932-12-31,,,,,,,
Pro Vercelli,1932-06-30,,,,,,,
IFK Uddevalla,1927-06-30,,,,,,,
IFK Malmö,1925-06-30,,,,,,,
IK Sleipner,1924-06-30,,,,,,,
Brescia,2024-06-30,,,,,,,
Brescia,2020-12-10,,,,,,,
Brescia,2021-02-04,,,,,,,
Mantova,2024-06-30,,,,,,,
Brescia,2023-02-20,,,,,,,
Brescia U19,2023-02-06,,,,,,,
Shakhtar D.,2022-05-31,,,,,,,
Foggia,2016-08-18,,,,,,,
Brescia U19,2016-06-30,,,,,,,
Brescia U17,2015-01-05,,,,,,,
Carbonia,2022-06-30,,,,,,,
Brescia,2018-09-18,,,,,,,
Cagliari Youth,2018-06-30,,,,,,,
Cagliari U17,2017-06-30,,,,,,,
Cagliari Calcio,2015-06-30,,,,,,,
Cagliari Calcio,2015-04-20,,,,,,,
Cagliari Calcio,2014-04-08,,,,,,,
Foggia,2022-09-27,,,,,,,
Palermo,2021-02-27,,,,,,,
Virtus Entella,2020-08-14,,,,,,,
Brescia,2018-04-29,,,,,,,
Brescia,2017-10-11,,,,,,,
Novara,2017-06-30,,,,,,,
Brescia,2016-06-30,,,,,,,
Trapani,2015-03-10,,,,,,,
Nissa FC,2009-06-30,,,,,,,
Alcamo,2007-06-30,,,,,,,
Akragas,2006-06-30,,,,,,,
Lazio U19,2022-06-30,,,,,,,
Brescia,2015-05-26,,,,,,,
Novara,2014-02-16,,,,,,,
Brescia,2013-06-05,,,,,,,
Padova,2011-03-15,,,,,,,
Portosummaga,2010-06-30,,,,,,,
Avellino,2008-06-30,,,,,,,
Sambenedettese,2006-10-03,,,,,,,
AC Venezia 1907,2005-06-30,,,,,,,
Brescia,2015-02-18,,,,,,,
Pergolettese,2014-02-16,,,,,,,
Brescia U19,2008-06-30,,,,,,,
Brescia Youth,2007-06-30,,,,,,,
Sepsi OSK,2023-06-08,,,,,,,
CS U Craiova,2020-11-09,,,,,,,
FC Voluntari,2020-01-06,,,,,,,
Modena,2016-06-30,,,,,,,
ASA Tg. Mures,2015-12-17,,,,,,,
Rapid Bucharest,2015-06-01,,,,,,,
Brescia,2014-03-03,,,,,,,
Pescara,2013-03-03,,,,,,,
Modena,2011-11-14,,,,,,,
Steaua Bucharest,2009-09-18,,,,,,,
Politehnica Iasi,2009-06-15,,,,,,,
